filename,total_point,speed(km/h),folder,axle type,auxiliary ,class,quality
packetStat20211126_00-59-34.csv,800,14.6604,20211126DATA,2,940;860,0,
packetStat20211126_01-00-40.csv,800,23.328,20211126DATA,2,1080;1340,0,
packetStat20211126_01-05-49.csv,800,14.1608,20211126DATA,3,6140;6320;6020,1,
packetStat20211126_01-06-21.csv,800,17.1795,20211126DATA,2,600;620,0,
packetStat20211126_01-13-43.csv,800,26.5939,20211126DATA,2,980;780,0,
packetStat20211126_01-15-45.csv,800,17.0038,20211126DATA,2,1040;1080,0,
packetStat20211126_01-16-54.csv,800,18.7281,20211126DATA,2,1220;4660,0,
packetStat20211126_01-18-47.csv,800,14.758,20211126DATA,2,900;620,0,
packetStat20211126_01-20-44.csv,800,15.0248,20211126DATA,2,840;620,0,
packetStat20211126_01-26-27.csv,800,30.0157,20211126DATA,2,840;820,0,
packetStat20211126_01-26-50.csv,800,22.7688,20211126DATA,2,1400;1020,0,
packetStat20211126_01-27-40.csv,800,23.4929,20211126DATA,2,920;740,0,
packetStat20211126_01-28-10.csv,800,18.8877,20211126DATA,2,920;1220,0,
packetStat20211126_01-30-26.csv,800,13.1393,20211126DATA,6,4220;1600;2400;1680;1260;6160,4,
packetStat20211126_01-33-15.csv,800,20.2698,20211126DATA,2,920;640,0,
packetStat20211126_01-33-22.csv,800,9.63548,20211126DATA,2,1080;940,0,
packetStat20211126_01-34-16.csv,800,12.1433,20211126DATA,2,1140;2820,0,
packetStat20211126_01-35-52.csv,800,27.1367,20211126DATA,2,760;880,0,
packetStat20211126_01-36-21.csv,800,27.36,20211126DATA,2,720;420,0,
packetStat20211126_01-39-51.csv,800,19.641,20211126DATA,2,1360;2660,0,
packetStat20211126_01-40-14.csv,800,17.6352,20211126DATA,2,5220;8400,0,
packetStat20211126_01-41-14.csv,800,3.88006,20211126DATA,4,6420;5860;8840;9940,2,
packetStat20211126_01-42-46.csv,800,17.2664,20211126DATA,2,3800;4580,0,
packetStat20211126_01-45-45.csv,800,25.7693,20211126DATA,2,1380;1220,0,
packetStat20211126_01-46-28.csv,800,20.3317,20211126DATA,2,840;2700,0,
packetStat20211126_01-47-44.csv,800,32.7511,20211126DATA,2,560;1440,0,
packetStat20211126_01-49-42.csv,800,15.8675,20211126DATA,2,3900;9860,0,
packetStat20211126_01-50-47.csv,800,13.0618,20211126DATA,2,3660;5080,0,
packetStat20211126_01-51-48.csv,800,24.0017,20211126DATA,2,600;1080,0,
packetStat20211126_01-52-07.csv,800,17.7767,20211126DATA,4,3440;3640;4040;3720,2,
packetStat20211126_01-52-40.csv,800,13.8799,20211126DATA,4,6520;6040;8400;8340,2,
packetStat20211126_01-53-36.csv,800,14.6766,20211126DATA,4,3760;3760;3120;8860,2,
packetStat20211126_01-53-54.csv,800,12.4737,20211126DATA,4,5620;3140;3660;7020,2,
packetStat20211126_01-54-50.csv,800,9.69166,20211126DATA,2,1720;9000,0,
packetStat20211126_01-55-10.csv,800,13.2177,20211126DATA,4,3980;3480;5000;7420,2,
packetStat20211126_01-55-28.csv,800,11.0624,20211126DATA,2,900;1900,0,
packetStat20211126_01-55-40.csv,800,10.6376,20211126DATA,4,4960;2840;2700;9420,2,
packetStat20211126_01-56-21.csv,800,10.26,20211126DATA,4,3880;5420;5960;4500,2,
packetStat20211126_01-58-14.csv,800,20.7765,20211126DATA,2,3060;2800,0,
packetStat20211126_01-59-41.csv,800,22.3478,20211126DATA,2,560;700,0,
packetStat20211126_02-01-46.csv,800,18.5971,20211126DATA,2,860;1200,0,
packetStat20211126_02-04-05.csv,800,24.0017,20211126DATA,2,980;1620,0,
packetStat20211126_02-05-53.csv,800,25.3759,20211126DATA,2,680;620,0,
packetStat20211126_02-06-20.csv,800,25.136,20211126DATA,2,700;560,0,
packetStat20211126_02-06-33.csv,800,19.8166,20211126DATA,2,760;640,0,
packetStat20211126_02-07-14.csv,800,28.5342,20211126DATA,2,1120;980,0,
packetStat20211126_02-07-24.csv,800,40.5395,20211126DATA,2,1620;1240,0,
packetStat20211126_02-09-14.csv,800,31.8109,20211126DATA,2,740;540,0,
packetStat20211126_02-12-58.csv,800,10.0279,20211126DATA,6,4140;1620;2680;1120;4320,4,
packetStat20211126_02-24-24.csv,800,13.765,20211126DATA,3,3940;4260;10200,1,
packetStat20211126_02-25-40.csv,800,16.2356,20211126DATA,2,1660;2380,0,
packetStat20211126_02-25-58.csv,800,30.4976,20211126DATA,2,760;620,0,
packetStat20211126_02-26-13.csv,800,26.0725,20211126DATA,2,980;1040,0,
packetStat20211126_02-27-00.csv,800,22.3103,20211126DATA,2,600;600,0,
packetStat20211126_02-28-35.csv,800,9.234,20211126DATA,6,3040;2360;840;1060;3540,4,
packetStat20211126_02-29-12.csv,800,9.29857,20211126DATA,3,4980;4860;9580,1,
packetStat20211126_02-30-55.csv,800,20.0255,20211126DATA,6,5660;3400;3160;1540;1780;3460,4,
packetStat20211126_02-32-08.csv,800,29.2885,20211126DATA,2,1000;820,0,
packetStat20211126_02-32-31.csv,800,10.2442,20211126DATA,6,4060;3160;3440;1080;1340;2680,4,
packetStat20211126_02-34-09.csv,800,16.9173,20211126DATA,3,4420;4260;12460,1,
packetStat20211126_02-34-39.csv,800,25.3759,20211126DATA,2,920;860,0,
packetStat20211126_02-35-23.csv,500,23.1251,20211126DATA,2,860;840,0,
packetStat20211126_02-37-00.csv,800,27.0263,20211126DATA,2,620;720,0,
packetStat20211126_02-40-22.csv,800,7.87735,20211126DATA,6,3960;5260;7980;7840;12800;12800,4,
packetStat20211126_02-42-53.csv,800,9.03326,20211126DATA,6,3420;2580;2460;1300;1180;3920,4,
packetStat20211126_02-43-24.csv,800,9.13253,20211126DATA,6,3400;2580;2600;1160;1360;4020,4,
packetStat20211126_02-47-36.csv,800,14.3286,20211126DATA,2,5320;8240,0,
packetStat20211126_02-48-06.csv,800,24.3534,20211126DATA,2,980;1080,0,
packetStat20211126_02-48-53.csv,800,26.3829,20211126DATA,2,800;840,0,
packetStat20211126_02-49-20.csv,800,28.0527,20211126DATA,2,840;640,0,
packetStat20211126_02-51-31.csv,800,22.6911,20211126DATA,2,1620;1860,0,
packetStat20211126_02-51-38.csv,800,11.3166,20211126DATA,2,660;760,0,
packetStat20211126_02-54-53.csv,800,20.7765,20211126DATA,2,1780;3800,0,
packetStat20211126_02-55-00.csv,800,10.793,20211126DATA,2,840;560,0,
packetStat20211126_02-55-50.csv,800,17.8723,20211126DATA,2,1080;2480,0,
packetStat20211126_02-59-30.csv,800,22.6524,20211126DATA,2,880;700,0,
packetStat20211126_03-00-10.csv,800,28.6572,20211126DATA,2,900;720,0,
packetStat20211126_03-00-49.csv,800,14.1157,20211126DATA,6,4260;2340;4080;2640;4820;4820,4,
packetStat20211126_03-02-02.csv,800,23.5762,20211126DATA,2,800;620,0,
packetStat20211126_03-03-58.csv,800,40.7882,20211126DATA,2,760;920,0,
packetStat20211126_03-05-26.csv,800,13.3103,20211126DATA,2,4500;7840,0,
packetStat20211126_03-06-47.csv,800,14.0858,20211126DATA,6,5780;5500;5820;4520;4400;4380,4,
packetStat20211126_03-07-52.csv,800,21.0395,20211126DATA,2,920;1540,0,
packetStat20211126_03-09-45.csv,800,23.4929,20211126DATA,2,580;1020,0,
packetStat20211126_03-16-36.csv,800,20.5517,20211126DATA,2,780;560,0,
packetStat20211126_03-19-04.csv,800,23.6601,20211126DATA,2,680;1220,0,
packetStat20211126_03-21-46.csv,800,28.0527,20211126DATA,2,960;820,0,
packetStat20211126_03-23-01.csv,800,20.7441,20211126DATA,2,860;720,0,
packetStat20211126_03-25-01.csv,800,12.7122,20211126DATA,6,3360;1300;2320;1220;1040;3920,4,
packetStat20211126_03-27-48.csv,800,15.3014,20211126DATA,2,940;720,0,
packetStat20211126_03-28-08.csv,291,6.35003,20211126DATA,5,4680;4400;10820;7900,3,
packetStat20211126_03-35-05.csv,800,27.9348,20211126DATA,2,1800;1700,0,
packetStat20211126_03-36-04.csv,800,11.0165,20211126DATA,2,4620;8240,0,
packetStat20211126_03-37-26.csv,800,14.3132,20211126DATA,2,1560;3260,0,
packetStat20211126_03-47-21.csv,800,21.6211,20211126DATA,2,620;660,0,
packetStat20211127_00-09-16.csv,800,22.0148,20211127DATA,2,840;660,0,
packetStat20211127_00-15-41.csv,800,29.8138,20211127DATA,2,600;680,0,
packetStat20211127_00-15-48.csv,800,16.098,20211127DATA,2,940;780,0,
packetStat20211127_00-16-21.csv,800,10.043,20211127DATA,6,3480;4700;4580;3640;3660;6240,4,
packetStat20211127_00-16-45.csv,800,10.7234,20211127DATA,2,4760;6020,0,
packetStat20211127_00-17-53.csv,800,12.0443,20211127DATA,6,3140;3000;2700;1840;1860;3840,4,
packetStat20211127_00-19-16.csv,773,14.1759,20211127DATA,6,3120;3140;2960;1480;1480;5560,4,
packetStat20211127_00-20-18.csv,800,16.1175,20211127DATA,2,2800;11960,0,
packetStat20211127_00-20-27.csv,800,17.1795,20211127DATA,2,780;580,0,
packetStat20211127_00-24-48.csv,800,18.5712,20211127DATA,2,700;1320,0,
packetStat20211127_00-26-10.csv,765,15.6804,20211127DATA,6,2500;2980;2960;1500;1860;4280,4,
packetStat20211127_00-26-34.csv,286,7.84944,20211127DATA,6,3460;11080;12800;5740;8060;8060,4,
packetStat20211127_00-27-29.csv,305,8.17771,20211127DATA,6,3760;5300;7780;9260;12160;12160,4,
packetStat20211127_00-27-53.csv,800,9.83503,20211127DATA,2,2160;6720,0,
packetStat20211127_00-28-15.csv,800,15.4257,20211127DATA,2,880;840,0,
packetStat20211127_00-28-50.csv,800,19.327,20211127DATA,2,2940;6840,0,
packetStat20211127_00-28-59.csv,800,26.3829,20211127DATA,2,940;620,0,bad
packetStat20211127_00-29-16.csv,800,15.1102,20211127DATA,4,4960;3500;3680;7560,2,bad
packetStat20211127_00-29-53.csv,800,12.8597,20211127DATA,4,5680;1940;3760;8040,2,bad
packetStat20211127_00-30-57.csv,800,15.9436,20211127DATA,2,820;560,0,
packetStat20211127_00-31-10.csv,800,13.0107,20211127DATA,2,740;440,0,
packetStat20211127_00-31-31.csv,800,14.3286,20211127DATA,4,4080;3580;2860;8920,2,bad
packetStat20211127_00-33-01.csv,800,13.909,20211127DATA,4,3800;3760;2780;8940,2,bad
packetStat20211127_00-33-54.csv,800,16.9604,20211127DATA,4,4640;3260;5300;6420,2,bad
packetStat20211127_00-34-45.csv,800,12.8349,20211127DATA,4,4000;3100;2840;9420,2,
packetStat20211127_00-35-07.csv,800,7.84019,20211127DATA,4,4180;3220;2540;9520,2,bad
packetStat20211127_00-38-33.csv,800,26.3829,20211127DATA,2,980;1200,0,
packetStat20211127_00-39-09.csv,800,33.4094,20211127DATA,2,900;860,0,
packetStat20211127_00-41-32.csv,800,19.327,20211127DATA,2,1260;2180,0,
packetStat20211127_00-42-25.csv,800,13.7082,20211127DATA,4,7020;12420;5460;5460,2,
packetStat20211127_00-44-21.csv,800,15.093,20211127DATA,2,820;580,0,
packetStat20211127_00-46-24.csv,800,30.9232,20211127DATA,2,880;1740,0,
packetStat20211127_00-47-06.csv,800,12.8597,20211127DATA,3,3520;1540;7260,1,
packetStat20211127_00-47-39.csv,800,17.5653,20211127DATA,2,820;720,0,
packetStat20211127_00-49-44.csv,800,22.8078,20211127DATA,2,980;960,0,
packetStat20211127_00-50-01.csv,800,17.8723,20211127DATA,2,900;640,0,
packetStat20211127_00-52-07.csv,800,26.1751,20211127DATA,2,940;980,0,
packetStat20211127_00-52-19.csv,800,13.5407,20211127DATA,2,2900;2900,0,
packetStat20211127_00-52-49.csv,800,11.6845,20211127DATA,2,5280;11080,0,
packetStat20211127_00-54-29.csv,800,24.9943,20211127DATA,3,4500;4240;13280,1,
packetStat20211127_00-58-16.csv,800,10.9081,20211127DATA,2,940;540,0,
packetStat20211127_00-58-34.csv,800,20.9401,20211127DATA,2,920;700,0,
packetStat20211127_01-01-06.csv,800,20.1164,20211127DATA,2,1020;880,0,
packetStat20211127_01-03-37.csv,800,30.78,20211127DATA,2,740;1520,0,
packetStat20211127_01-07-19.csv,800,18.0176,20211127DATA,6,5440;2660;2160;760;1300;3820,4,bad
packetStat20211127_01-07-52.csv,800,19.8759,20211127DATA,2,840;540,0,
packetStat20211127_01-08-36.csv,800,22.2357,20211127DATA,3,3780;3160;1940,1,
packetStat20211127_01-08-58.csv,800,20.9072,20211127DATA,2,760;700,0,
packetStat20211127_01-10-10.csv,800,16.8529,20211127DATA,2,860;700,0,
packetStat20211127_01-10-34.csv,800,19.2153,20211127DATA,2,2680;7420,0,
packetStat20211127_01-11-07.csv,800,25.2764,20211127DATA,2,680;820,0,
packetStat20211127_01-14-53.csv,800,16.0591,20211127DATA,2,960;920,0,
packetStat20211127_01-16-08.csv,800,3.26948,20211127DATA,4,5920;5700;9060;10700,2,
packetStat20211127_01-16-49.csv,800,14.5005,20211127DATA,2,900;980,0,
packetStat20211127_01-17-13.csv,800,23.7022,20211127DATA,2,860;840,0,
packetStat20211127_01-17-25.csv,800,14.7908,20211127DATA,2,860;600,0,
packetStat20211127_01-18-04.csv,782,9.00878,20211127DATA,6,3840;3840;3720;2680;2640;4820,4,
packetStat20211127_01-18-46.csv,800,12.9097,20211127DATA,2,1000;1000,0,
packetStat20211127_01-23-29.csv,800,13.8944,20211127DATA,2,1560;9180,0,
packetStat20211127_01-24-32.csv,800,20.6475,20211127DATA,2,1160;1280,0,
packetStat20211127_01-30-57.csv,800,15.0079,20211127DATA,2,1220;1780,0,
packetStat20211127_01-32-12.csv,800,14.9404,20211127DATA,4,5960;5660;8900;9980,2,
packetStat20211127_01-32-52.csv,800,9.80602,20211127DATA,6,5520;8440;7540;6820;6080;7800,4,
packetStat20211127_01-35-06.csv,800,23.6601,20211127DATA,2,1700;1860,0,
packetStat20211127_01-35-21.csv,800,23.0051,20211127DATA,2,720;520,0,
packetStat20211127_01-38-39.csv,800,30.78,20211127DATA,2,1000;1860,0,
packetStat20211127_01-39-12.csv,800,23.4101,20211127DATA,2,860;580,0,
packetStat20211127_01-40-31.csv,800,26.1751,20211127DATA,2,640;1460,0,
packetStat20211127_01-41-11.csv,800,19.1048,20211127DATA,2,2140;4020,0,
packetStat20211127_01-43-59.csv,800,13.2704,20211127DATA,2,3020;3420,0,
packetStat20211127_01-45-04.csv,800,6.84704,20211127DATA,6,6200;4920;9360;8400;8080;14140,4,
packetStat20211127_01-46-42.csv,800,18.4424,20211127DATA,2,900;560,0,
packetStat20211127_01-47-05.csv,800,9.64946,20211127DATA,2,5180;7560,0,
packetStat20211127_01-50-01.csv,800,8.42646,20211127DATA,2,3140;3940,0,
packetStat20211127_01-52-13.csv,800,16.9388,20211127DATA,2,700;2000,0,
packetStat20211127_01-53-58.csv,800,19.0501,20211127DATA,2,1720;2380,0,
packetStat20211127_02-00-17.csv,800,20.1469,20211127DATA,4,4940;3080;6160;5320,2,
packetStat20211127_02-01-18.csv,800,12.5207,20211127DATA,4,4020;3000;4980;7600,2,
packetStat20211127_02-02-07.csv,800,22.5372,20211127DATA,4,4820;5520;4800;4240,2,
packetStat20211127_02-02-50.csv,800,14.8404,20211127DATA,4,3880;3800;2760;9060,2,
packetStat20211127_02-03-28.csv,800,15.6435,20211127DATA,4,3820;3540;3060;9060,2,
packetStat20211127_02-03-48.csv,800,16.2356,20211127DATA,2,3200;3460,0,
packetStat20211127_02-03-55.csv,800,10.8635,20211127DATA,4,3500;3620;2980;9180,2,
packetStat20211127_02-04-34.csv,800,13.1914,20211127DATA,3,9280;6900;8580,1,
packetStat20211127_02-06-01.csv,800,19.5544,20211127DATA,2,740;540,0,
packetStat20211127_02-06-44.csv,800,24.5331,20211127DATA,2,920;840,0,
packetStat20211127_02-07-08.csv,800,16.518,20211127DATA,2,1360;1700,0,
packetStat20211127_02-09-58.csv,800,16.6838,20211127DATA,2,780;560,0,bad
packetStat20211127_02-10-24.csv,800,8.3734,20211127DATA,6,3620;7180;5700;5960;6260;20860,4,
packetStat20211127_02-11-03.csv,800,9.64946,20211127DATA,6,5680;9060;5160;6480;7160;15440,4,
packetStat20211127_02-13-34.csv,800,18.8342,20211127DATA,2,1260;2920,0,
packetStat20211127_02-13-54.csv,775,12.7855,20211127DATA,6,2660;3320;3040;2160;2040;4700,4,bad
packetStat20211127_02-14-39.csv,800,24.9007,20211127DATA,2,840;800,0,
packetStat20211127_02-14-59.csv,800,11.4827,20211127DATA,2,740;2740,0,
packetStat20211127_02-16-41.csv,800,21.2411,20211127DATA,2,800;800,0,
packetStat20211127_02-20-53.csv,800,5.52199,20211127DATA,6,3080;1880;2840;1400;1440;3960,4,
packetStat20211127_02-21-41.csv,800,14.6604,20211127DATA,2,1000;1040,0,
packetStat20211127_02-22-25.csv,800,13.7935,20211127DATA,2,980;820,0,
packetStat20211127_02-29-23.csv,677,12.2892,20211127DATA,6,3320;2040;2900;1240;1420;4020,4,
packetStat20211127_02-31-41.csv,800,24.0887,20211127DATA,2,800?640,0,
packetStat20211127_02-42-00.csv,681,19.497,20211127DATA,6,3080;4740;4220;2360;3320;7060,4,
packetStat20211127_02-47-32.csv,800,18.042,20211127DATA,2,1040;1400,0,
packetStat20211127_02-51-17.csv,800,20.9731,20211127DATA,2,920;740,0,
packetStat20211127_02-52-28.csv,800,13.4449,20211127DATA,2,5100;9460,0,
packetStat20211127_02-56-48.csv,581,12.4503,20211127DATA,5,5180;5000;15180;2860;2840,3,
packetStat20211127_02-57-41.csv,800,11.5026,20211127DATA,2,6220;11100,0,
packetStat20211127_02-58-00.csv,800,13.1653,20211127DATA,2,1320;1440,0,
packetStat20211127_02-58-19.csv,800,9.69166,20211127DATA,2,880;1040,0,
packetStat20211127_03-05-48.csv,800,13.6239,20211127DATA,2,920;680,0,
packetStat20211127_03-06-18.csv,800,18.7018,20211127DATA,2,1000;1060,0,
packetStat20211127_03-07-11.csv,573,9.44386,20211127DATA,6,3260;3480;5880;4000;9220;9200,4,
packetStat20211128_00-59-43.csv,800,32.7511,20211128DATA,2,840;720,0,
packetStat20211128_01-00-16.csv,800,22.7688,20211128DATA,2,780;580,0,
packetStat20211128_01-00-33.csv,724,11.664,20211128DATA,6,3680;2780;2700;1640;1500;3900,4,
packetStat20211128_01-01-07.csv,800,10.8105,20211128DATA,6,3960;1720;2620;1800;1560;4480,4,
packetStat20211128_01-02-10.csv,800,20.4254,20211128DATA,2,960;700,0,
packetStat20211128_01-02-39.csv,800,4.24281,20211128DATA,4,6460;5800;8980;10100,2,
packetStat20211128_01-04-07.csv,800,23.1251,20211128DATA,2,1040;1300,0,
packetStat20211128_01-04-56.csv,800,20.1775,20211128DATA,2,800;620,0,
packetStat20211128_01-10-33.csv,800,25.2794,20211128DATA,2,880;600,0,
packetStat20211128_01-10-43.csv,800,17.0474,20211128DATA,2,800;600,0,
packetStat20211128_01-12-41.csv,800,22.4611,20211128DATA,4,6180;6440;4900;4880,2,bad
packetStat20211128_01-14-50.csv,800,6.20483,20211128DATA,4,4900;3060;3020;9000,2,
packetStat20211128_01-16-08.csv,800,18.366,20211128DATA,2,1280;2320,0,
packetStat20211128_01-16-21.csv,800,10.0582,20211128DATA,4,4180;3460;3080;8700,2,bad
packetStat20211128_01-17-15.csv,800,19.3833,20211128DATA,4,4840;3020;5560;6100,2,bad
packetStat20211128_01-17-32.csv,800,11.6029,20211128DATA,4,3820;3760;2740;9540,2,
packetStat20211128_01-18-35.csv,800,24.4429,20211128DATA,2,760;1660,0,
packetStat20211128_01-19-42.csv,800,6.11636,20211128DATA,2,3600;3800,0,
packetStat20211128_01-20-19.csv,463,18.1157,20211128DATA,6,5660;3860;3640;2280;2140;2780,4,bad
packetStat20211128_01-22-23.csv,800,12.0553,20211128DATA,2,3940?4200,0,
packetStat20211128_01-23-52.csv,800,38.2097,20211128DATA,2,680;580,0,bad
packetStat20211128_01-27-34.csv,800,20.086,20211128DATA,2,780;660,0,
packetStat20211128_01-35-23.csv,800,27.702,20211128DATA,2,740;440,0,
packetStat20211128_01-36-01.csv,800,17.8963,20211128DATA,2,1020;1260,0,
packetStat20211128_01-38-22.csv,800,5.90189,20211128DATA,6,3800;2080;2620;1820;1600;4840,4,
packetStat20211128_01-39-52.csv,800,21.7983,20211128DATA,2,2280;2580,0,
packetStat20211128_01-40-37.csv,800,22.9654,20211128DATA,2,940;700,0,
packetStat20211128_01-42-13.csv,800,32.4316,20211128DATA,2,920;1180,0,
packetStat20211128_01-47-18.csv,800,11.3844,20211128DATA,2,900;780,0,
packetStat20211128_01-50-03.csv,800,13.2177,20211128DATA,4,5820;5400;8100;10300,2,
packetStat20211128_01-50-29.csv,800,7.21876,20211128DATA,6,6200;4620;9120;7780;7720;14420,4,
packetStat20211128_01-56-49.csv,800,27.5871,20211128DATA,2,1000;920,0,
packetStat20211128_01-58-14.csv,800,20.3007,20211128DATA,2,880;580,0,
packetStat20211128_02-01-46.csv,800,23.045,20211128DATA,2,1040;1080,0,
packetStat20211128_02-09-23.csv,800,20.4569,20211128DATA,4,4800;2980;5000;6720,2,
packetStat20211128_02-09-44.csv,800,23.1251,20211128DATA,2,780;500,0,
packetStat20211128_02-18-15.csv,800,8.78847,20211128DATA,2,6620;11540,0,
packetStat20211128_02-21-11.csv,800,5.22679,20211128DATA,6,3660;2880;2500;1720;1740;4360,4,
packetStat20211128_02-22-22.csv,800,13.5822,20211128DATA,2,2540;2860,0,
packetStat20211128_02-23-37.csv,800,12.96,20211128DATA,6,5460;2580;2280;920;1180;3160,4,
packetStat20211128_02-28-13.csv,800,19.5256,20211128DATA,2,920;680,0,
packetStat20211128_02-34-24.csv,800,30.4976,20211128DATA,2,600;780,0,
packetStat20211128_02-37-55.csv,800,17.3137,20211128DATA,2,880;660,0,
packetStat20211128_02-39-12.csv,800,14.1457,20211128DATA,4,5580;1940;2700;2680,2,
packetStat20211128_02-40-42.csv,800,20.5835,20211128DATA,2,2600;2360,0,
packetStat20211128_02-43-01.csv,800,16.642,20211128DATA,2,2380;4280,0,
packetStat20211128_02-47-52.csv,800,23.0051,20211128DATA,2,860;560,0,
packetStat20211128_02-51-31.csv,800,15.6804,20211128DATA,3,3140;2140;3640,1,
packetStat20211128_02-56-39.csv,800,30.2204,20211128DATA,2,980;1020,0,
packetStat20211128_02-57-00.csv,800,24.5331,20211128DATA,2,980;980,0,
packetStat20211128_02-57-39.csv,800,20.3317,20211128DATA,2,980;1120,0,
packetStat20211128_02-59-37.csv,800,18.9146,20211128DATA,2,760;1260,0,
packetStat20211128_03-00-13.csv,800,21.4467,20211128DATA,2,660;1220,0,
packetStat20211128_03-00-22.csv,800,19.6701,20211128DATA,2,900;720,0,
packetStat20211128_03-01-41.csv,800,8.81761,20211128DATA,6,3860;2640;2440;1160;1300;4180,4,
packetStat20211128_03-02-13.csv,800,25.7693,20211128DATA,2,2480;2360,0,
packetStat20211128_03-02-19.csv,800,5,20211128DATA,2,880;860,0,
packetStat20211128_03-06-10.csv,800,22.4611,20211128DATA,2,940;680,0,
packetStat20211128_03-06-26.csv,800,22.1616,20211128DATA,2,1120;900,0,
packetStat20211128_03-09-32.csv,800,23.045,20211128DATA,2,900;960,0,
packetStat20211128_03-10-07.csv,800,23.0051,20211128DATA,2,3240;4400,0,
packetStat20211128_03-10-39.csv,800,24.624,20211128DATA,2,900;780,0,
packetStat20211128_03-12-37.csv,800,15.4078,20211128DATA,2,1600;4900,0,
packetStat20211128_03-15-22.csv,800,17.4272,20211128DATA,2,840;720,0,
packetStat20211128_03-18-49.csv,800,25.3759,20211128DATA,2,660;1260,0,
packetStat20211128_03-24-25.csv,800,27.36,20211128DATA,2,840;740,0,
packetStat20211128_03-25-15.csv,800,8.87648,20211128DATA,6,6240;4280;7180;7980;8240;14800,4,
packetStat20211128_03-25-51.csv,800,8.01022,20211128DATA,6,5340;4340;7920;7460;7540;16960,4,
packetStat20211128_03-26-19.csv,800,21.1735,20211128DATA,2,780;680,0,
packetStat20211128_03-27-19.csv,800,30.9232,20211128DATA,2,720;1060,0,
packetStat20211128_03-29-51.csv,800,20.8416,20211128DATA,2,3780;2800,0,
packetStat20211128_03-32-09.csv,800,19.2431,20211128DATA,2,800;1080,0,
packetStat20211128_03-34-41.csv,800,20.9072,20211128DATA,2,880;740,0,
packetStat20211128_03-37-10.csv,800,2.96146,20211128DATA,6,4060;7420;9040;7820;8620;13680,4,
packetStat20211128_03-38-05.csv,800,26.9169,20211128DATA,2,1840;1800,0,
packetStat20211128_03-38-25.csv,800,26.175,20211128DATA,2,940;780,0,
packetStat20211128_03-38-35.csv,800,15.0079,20211128DATA,2,760;660,0,
packetStat20211128_03-40-22.csv,800,19.1048,20211128DATA,2,1000;960,0,
packetStat20211128_03-41-17.csv,800,6.44233,20211128DATA,6,6120;5640;7740;7180;14360,4,
packetStat20211128_03-42-42.csv,800,23.0051,20211128DATA,2,840;1260,0,
packetStat20211128_03-44-32.csv,800,15.0248,20211128DATA,2,5080;8420,0,
packetStat20211128_03-45-13.csv,800,12.3578,20211128DATA,2,5480;11400,0,
packetStat20211128_03-46-26.csv,800,22.4232,20211128DATA,2,860;580,0,
packetStat20211128_03-52-02.csv,800,19.44,20211128DATA,2,1240;3160,0,
packetStat20211128_03-52-28.csv,800,14.596,20211128DATA,2,2940;3240,0,
packetStat20211128_03-52-45.csv,800,22.1986,20211128DATA,2,980;640,0,
packetStat20211128_03-53-58.csv,800,17.681,20211128DATA,2,720;960,0,
packetStat20211128_03-55-04.csv,800,22.7688,20211128DATA,2,900;760,0,
packetStat20211128_03-55-49.csv,800,19.8166,20211128DATA,2,1220;2780,0,
packetStat20211128_03-56-24.csv,800,32.9133,20211128DATA,2,6000;6200,0,
packetStat20211128_03-56-40.csv,800,13.4177,20211128DATA,2,640;2440,0,
packetStat20211128_03-58-25.csv,800,23.1251,20211128DATA,2,760;1000,0,
packetStat20211128_04-01-14.csv,800,26.9169,20211128DATA,2,1000;2980,0,
packetStat20211128_04-01-54.csv,800,6.07167,20211128DATA,4,3420;3260;5300;5440,2,
packetStat20211129_00-19-09.csv,800,21.3777,20211129DATA,2,980;800,0,
packetStat20211129_00-19-49.csv,800,9.33775,20211129DATA,4,3780;3360;3320;3580,2,
packetStat20211129_00-20-14.csv,800,15.4257,20211129DATA,2,1020;1040,0,
packetStat20211129_00-20-33.csv,800,5.34874,20211129DATA,6,3700;2760;2700;1380;3480,4,
packetStat20211129_00-22-49.csv,800,28.4123,20211129DATA,2,560;1280,0,
packetStat20211129_00-24-20.csv,800,24.7155,20211129DATA,2,2260;2420,0,
packetStat20211129_00-26-04.csv,800,23.6601,20211129DATA,2,860;800,0,
packetStat20211129_00-28-12.csv,800,15.4616,20211129DATA,2,800;500,0,
packetStat20211129_00-28-30.csv,800,20.7765,20211129DATA,2,940;1080,0,
packetStat20211129_00-29-56.csv,800,31.9638,20211129DATA,2,860;880,0,
packetStat20211129_00-30-16.csv,294,7.4284,20211129DATA,6,4680;5360;6360;8780;11460;11440,4,
packetStat20211129_00-36-57.csv,800,26.488,20211129DATA,2,800;1160,0,
packetStat20211129_00-37-05.csv,800,21.3092,20211129DATA,2,780;580,0,
packetStat20211129_00-39-56.csv,800,7.13356,20211129DATA,6,3600;2840;2400;1660;156;4640,4,
packetStat20211129_00-40-18.csv,800,7.20312,20211129DATA,6,3580;2760;2360;1600;1720;4700,4,
packetStat20211129_00-40-39.csv,800,10.8281,20211129DATA,2,980;800,0,
packetStat20211129_00-42-24.csv,800,8.3106,20211129DATA,6,3480;3100;3160;1480;3740,4,
packetStat20211129_00-48-54.csv,800,8.208,20211129DATA,4,4560;3920;5240;6780,2,
packetStat20211129_00-50-49.csv,800,29.4182,20211129DATA,2,2220;1980,0,
packetStat20211129_00-51-29.csv,800,20.9731,20211129DATA,2,940;1160,0,
packetStat20211129_00-51-48.csv,800,4.06262,20211129DATA,4,6180;5580;9480;10720,2,
packetStat20211129_00-52-52.csv,800,26.9169,20211129DATA,2,1020;960,0,
packetStat20211129_00-54-06.csv,800,9.29857,20211129DATA,2,7680;5940,0,
packetStat20211129_00-55-14.csv,800,25.1836,20211129DATA,2,820;540,0,
packetStat20211129_00-57-25.csv,800,20.6475,20211129DATA,4,5520;6400;4600;4280,2,
packetStat20211129_00-57-45.csv,800,19.1048,20211129DATA,2,1300;2100,0,
packetStat20211129_00-59-55.csv,800,43.1719,20211129DATA,2,700;560,0,
packetStat20211129_01-03-46.csv,800,10.962,20211129DATA,2,3880;4860,0,
packetStat20211129_01-05-40.csv,800,12.7122,20211129DATA,4,3980;3080;2660;9700,2,
packetStat20211129_01-06-36.csv,800,16.477,20211129DATA,2,1040;880,0,
packetStat20211129_01-06-46.csv,800,18.8877,20211129DATA,2,1180;1120,0,
packetStat20211129_01-10-03.csv,800,30.0836,20211129DATA,2,880;800,0,
packetStat20211129_01-10-59.csv,800,21.1398,20211129DATA,2,900;620,0,
packetStat20211129_01-12-57.csv,800,10.7234,20211129DATA,4,3600;3100;5040;7600,2,
packetStat20211129_01-15-17.csv,800,21.1398,20211129DATA,2,960;860,0,
packetStat20211129_01-15-37.csv,800,9.64946,20211129DATA,4,4760;3240;2980;8740,2,
packetStat20211129_01-22-20.csv,800,17.2464,20211129DATA,2,960;760,0,
packetStat20211129_01-24-06.csv,800,30.9232,20211129DATA,2,1000;860,0,
packetStat20211129_01-26-03.csv,800,17.7057,20211129DATA,2,900;860,0,
packetStat20211129_01-29-07.csv,800,16.9173,20211129DATA,2,2320;6720,0,
packetStat20211129_01-31-21.csv,800,14.3441,20211129DATA,2,880;1220,0,
packetStat20211129_01-31-30.csv,800,7.33423,20211129DATA,4,5620;5320;9360;9940,2,
packetStat20211129_01-38-32.csv,800,14.2518,20211129DATA,2,1500;3780,0,
packetStat20211129_01-38-58.csv,800,25.3759,20211129DATA,2,1180;1600,0,
packetStat20211129_01-42-29.csv,800,28.0527,20211129DATA,2,580;840,0,
packetStat20211129_01-43-41.csv,800,12.8597,20211129DATA,4,3600;4520;3680;3640,2,
packetStat20211129_01-47-38.csv,204,17.5886,20211129DATA,5,3840;3320;5980;2840;2820,3,
packetStat20211129_01-48-01.csv,800,27.702,20211129DATA,2,620;1260,0,
packetStat20211129_01-52-00.csv,800,11.1739,20211129DATA,6,5480;2540;1420;1880;1340;3300,4,
packetStat20211129_01-53-33.csv,800,27.1921,20211129DATA,2,940;760,0,
packetStat20211129_01-56-42.csv,800,24.8078,20211129DATA,2,740;580,0,
packetStat20211129_01-58-14.csv,800,19.2431,20211129DATA,2,840;680,0,
packetStat20211129_02-02-37.csv,800,19.7284,20211129DATA,2,900;620,0,
packetStat20211129_02-06-53.csv,800,7.33828,20211129DATA,6,3980;2620;2360;1260;1200;4220,4,
packetStat20211129_02-07-18.csv,800,18.6755,20211129DATA,2,600;600,0,
packetStat20211129_02-09-49.csv,800,18.8076,20211129DATA,2,940;780,0,
packetStat20211129_02-10-09.csv,800,12.0991,20211129DATA,2,4160;4820,0,
packetStat20211129_02-10-58.csv,800,30.78,20211129DATA,2,1540;1320,0,
packetStat20211129_02-14-42.csv,800,30.2204,20211129DATA,2,1000;840,0,
packetStat20211129_02-15-16.csv,800,23.328,20211129DATA,2,940;880,0,
packetStat20211129_02-25-51.csv,800,20.1469,20211129DATA,2,720;660,0,
packetStat20211129_02-28-27.csv,800,14.709,20211129DATA,2,4980;5360,0,
packetStat20211129_02-29-19.csv,800,26.2786,20211129DATA,2,2260;2786,0,
packetStat20211129_02-29-51.csv,800,18.5712,20211129DATA,2,840;680,0,
packetStat20211129_02-32-44.csv,800,11.8195,20211129DATA,2,960;780,0,
packetStat20211129_02-33-31.csv,800,9.86421,20211129DATA,3,4900;4900;8680,1,
packetStat20211129_02-36-02.csv,800,7.90545,20211129DATA,6,3960;2580;2380;1020;1160;4460,4,
packetStat20211129_02-37-17.csv,800,14.8569,20211129DATA,2,860;1020,0,
packetStat20211129_02-39-08.csv,800,13.765,20211129DATA,6,6120;3500;2760;940;1460;4360,4,
packetStat20211129_02-41-29.csv,800,22.0513,20211129DATA,2,780;1300,0,
packetStat20211129_02-45-03.csv,800,12.4039,20211129DATA,2,740;1780,0,
packetStat20211129_02-45-30.csv,800,7.66837,20211129DATA,2,780;600,0,
packetStat20211129_02-45-42.csv,800,8.1178,20211129DATA,2,900;900,0,
packetStat20211129_02-47-03.csv,800,19.3551,20211129DATA,2,740;560,0,
packetStat20211129_02-48-19.csv,800,14.3441,20211129DATA,2,4720;7920,0,
packetStat20211129_02-48-57.csv,800,16.2356,20211129DATA,2,720;600,0,
packetStat20211129_02-49-12.csv,800,9.67755,20211129DATA,6,3480;2560;1560;1600;1560;5020,4,
packetStat20211129_02-49-38.csv,800,22.0513,20211129DATA,2,1140;1380,0,
packetStat20211129_02-51-56.csv,800,29.16,20211129DATA,2,680;840,0,
packetStat20211129_02-53-54.csv,800,11.9577,20211129DATA,6,3220;2940;2600;1200;4700,4,
packetStat20211129_02-58-38.csv,800,15.8297,20211129DATA,2,780;560,0,
packetStat20211129_03-00-24.csv,800,21.7271,20211129DATA,2,1220;1120,0,
packetStat20211129_03-09-42.csv,800,23.2871,20211129DATA,2,760;600,0,
packetStat20211129_03-13-22.csv,800,31.0677,20211129DATA,2,820;560,0,
packetStat20211129_03-16-25.csv,800,21.3777,20211129DATA,2,480;580,0,
packetStat20211129_03-16-44.csv,800,8,20211129DATA,6,3260;3060;2940;1440;1520;4160,4,
packetStat20211129_03-28-07.csv,800,9.70581,20211129DATA,2,1720;7300,0,
packetStat20211129_03-28-31.csv,800,7.1422,20211129DATA,4,3960;3160;3380;3600,2,
packetStat20211129_03-29-50.csv,800,22.5372,20211129DATA,2,1160;860,0,
packetStat20211129_03-31-20.csv,800,20.4569,20211129DATA,2,740;1980,0,
packetStat20211129_03-34-09.csv,800,19.5544,20211129DATA,2,980;900,0,
packetStat20211129_03-36-20.csv,800,19.3833,20211129DATA,2,740;740,0,
packetStat20211129_03-39-30.csv,800,12.0226,20211129DATA,3,4780;4400;8760,1,
packetStat20211129_03-49-59.csv,800,6,20211129DATA,2,1280;2520,0,
packetStat20211129_03-50-19.csv,800,6.7738,20211129DATA,2,5400;8800,0,
packetStat20211129_03-53-05.csv,800,17.3137,20211129DATA,2,760;1360,0,
packetStat20211129_03-53-35.csv,800,12.4155,20211129DATA,2,4300;5580,0,
packetStat20211129_03-55-12.csv,800,20.7118,20211129DATA,3,2880;2180;3920,1,
packetStat20211129_03-55-33.csv,800,13.297,20211129DATA,2,4300;9060,0,
packetStat20211129_03-55-52.csv,800,14.4062,20211129DATA,2,1080;3200,0,
packetStat20211129_03-56-15.csv,800,18.6493,20211129DATA,2,720;1260,0,
packetStat20211129_03-57-37.csv,800,20.6475,20211129DATA,2,2820;2540,0,
packetStat20211129_03-59-46.csv,800,28.6572,20211129DATA,2,840;700,0,
packetStat20211129_04-04-33.csv,800,22.5755,20211129DATA,2,580;600,0,
packetStat20211129_04-05-26.csv,800,27.9348,20211129DATA,2,820;580,0,
packetStat20211129_04-05-39.csv,800,19.9056,20211129DATA,2,920;700,0,
packetStat20211129_04-06-36.csv,800,17.7767,20211129DATA,3,3300;2820;5140,1,
packetStat20211129_04-12-53.csv,800,19.9355,20211129DATA,2,980;920,0,
packetStat20211129_04-15-34.csv,800,16.0012,20211129DATA,2,760;620,0,
packetStat20211129_04-17-36.csv,800,22.088,20211129DATA,2,1300;3000,0,
packetStat20211129_04-20-26.csv,800,15.4616,20211129DATA,2,1660;2420,0,
packetStat20211129_04-20-53.csv,800,7.89137,20211129DATA,2,2000;6060,0,
packetStat20211129_04-21-32.csv,800,24.0887,20211129DATA,2,860;1020,0,
packetStat20211129_04-22-30.csv,800,9.99771,20211129DATA,2,980;800,0,
packetStat20211129_04-23-27.csv,800,5.9509,20211129DATA,6,2600;2920;2980;1680;17160;4980,4,
packetStat20211129_04-24-00.csv,800,5.8,20211129DATA,2,2800;11140,0,
packetStat20220227_09-42-25.csv,800,9.70581,20220227DATA,6,3920;3040;4920;2280;1900;5840,4,
packetStat20220227_09-43-03.csv,800,10.7581,20220227DATA,6,4760;4560;8360;9360;8260;13580,4,
packetStat20220227_09-43-41.csv,800,6.60554,20220227DATA,2,5560;12980,0,
packetStat20220227_09-44-10.csv,800,6.46111,20220227DATA,6,3600;2600;2620;1580;1380;3780,4,
packetStat20220227_09-44-50.csv,800,21.4122,20220227DATA,2,1040;1180,0,
packetStat20220227_09-45-11.csv,800,6.19039,20220227DATA,6,3980;2740;2680;1580;1600;3320,4,
packetStat20220227_09-46-02.csv,800,31.2135,20220227DATA,2,880;680,0,
packetStat20220227_09-46-41.csv,800,24.7155,20220227DATA,2,1040;960,0,
packetStat20220227_09-48-35.csv,800,23.328,20220227DATA,2,3820;3440,0,bad
packetStat20220227_09-50-45.csv,800,5.44511,20220227DATA,6,4360;7040;9040;8780;8400;14040,4,
packetStat20220227_09-53-51.csv,800,7.37082,20220227DATA,6,2980;2900;2480;1420;1400;4440,4,
packetStat20220227_09-54-23.csv,800,10.4045,20220227DATA,2,840;1540,0,
packetStat20220227_09-55-27.csv,800,16.2555,20220227DATA,2,7700;6600,0,
packetStat20220227_09-55-40.csv,800,5,20220227DATA,2,820;540,0,
packetStat20220227_09-56-05.csv,800,29.2885,20220227DATA,2,920;860,0,
packetStat20220227_09-56-19.csv,800,18.4168,20220227DATA,2,780;560,0,
packetStat20220227_09-56-49.csv,800,3.46455,20220227DATA,2,5980;12180,0,
packetStat20220227_09-57-27.csv,800,6.16171,20220227DATA,2,4460;3940,0,
packetStat20220227_09-57-53.csv,800,2.82313,20220227DATA,6,3420;6340;9560;7720;7900;15840,4,
packetStat20220227_09-58-53.csv,800,25.7693,20220227DATA,2,940;740,0,
packetStat20220227_09-59-17.csv,800,12.8473,20220227DATA,2,1920;6160,0,
packetStat20220227_09-59-49.csv,800,15.2839,20220227DATA,2,1120;2500,0,
packetStat20220227_10-00-18.csv,800,12.0009,20220227DATA,6,5840;6220;6400;8320;8680;13460,4,
packetStat20220227_10-01-35.csv,800,7.71285,20220227DATA,3,2820;2540;4240,1,
packetStat20220227_10-02-22.csv,800,21.87,20220227DATA,6,6760;3000;2660;1840;2020;1980,4,
packetStat20220227_10-02-43.csv,800,10.7147,20220227DATA,2,5540;9460,0,
packetStat20220227_10-03-25.csv,800,35.1771,20220227DATA,2,600;1120,0,
packetStat20220227_10-03-35.csv,800,11.7361,20220227DATA,2,980;2880,0,
packetStat20220227_10-03-53.csv,800,8.57868,20220227DATA,2,3600;4720,0,
packetStat20220227_10-04-24.csv,800,18.3154,20220227DATA,2,2840;3080,0,
packetStat20220227_10-06-01.csv,800,18.6232,20220227DATA,2,780;600,0,
packetStat20220227_10-06-36.csv,800,5.22679,20220227DATA,6,3880;2560;2480;1260;1340;3240,4,
packetStat20220227_10-07-06.csv,800,5.73639,20220227DATA,6,4240;4760;6700;8680;9260;14160,4,
packetStat20220227_10-08-14.csv,800,21.4467,20220227DATA,2,3280;3680,0,
packetStat20220227_10-08-33.csv,800,9.29857,20220227DATA,6,4360;1440;2980;2100;1380;4440,4,
packetStat20220227_10-09-53.csv,800,12.7122,20220227DATA,6,3400;2560;2260;1280;1360;3520,4,
packetStat20220227_10-10-13.csv,800,13.3236,20220227DATA,4,3820;1740;3520;4820,2,
packetStat20220227_10-11-25.csv,800,20.8416,20220227DATA,2,920;1080,0,
packetStat20220227_10-14-00.csv,800,18.9415,20220227DATA,2,1100;1880,0,
packetStat20220227_10-15-03.csv,800,11.7464,20220227DATA,2,1140;1960,0,
packetStat20220227_10-15-39.csv,800,28.7813,20220227DATA,2,840;900,0,
packetStat20220227_10-16-29.csv,800,18.5194,20220227DATA,2,840;600,0,
packetStat20220227_10-18-32.csv,800,2.6341,20220227DATA,6,3800;7220;10120;11780;1177800,4,
packetStat20220227_10-19-25.csv,800,12.7733,20220227DATA,2,4060;8860,0,
packetStat20220227_10-19-50.csv,800,10.47,20220227DATA,2,3040;6800,0,
packetStat20220227_10-20-16.csv,800,8.87648,20220227DATA,6,3340;2160;3120;1300;3780,4,
packetStat20220227_10-20-46.csv,800,6.05508,20220227DATA,5,7240;9140;9260;6100;6080,3,
packetStat20220227_10-21-25.csv,800,19.271,20220227DATA,2,3460;6560,0,
packetStat20220227_10-21-46.csv,800,12.4971,20220227DATA,2,3280;6260,0,
packetStat20220227_10-22-07.csv,800,8.88,20220227DATA,2,3960;7400,0,
packetStat20220227_10-22-22.csv,800,8.01988,20220227DATA,2,920;1080,0,
packetStat20220227_10-22-40.csv,800,16.098,20220227DATA,2,800;500,0,
packetStat20220227_10-23-11.csv,800,28.2914,20220227DATA,2,840;1260,0,
packetStat20220227_10-24-19.csv,800,15.8675,20220227DATA,5,2960;2880;2960;2300;4880,3,
packetStat20220227_10-25-39.csv,800,9.60069,20220227DATA,2,5460;12400,0,
packetStat20220227_10-26-18.csv,800,8.67948,20220227DATA,6,3100;3020;2740;2000;1540;3180,4,
packetStat20220227_10-26-46.csv,800,16.4566,20220227DATA,2,800;640,0,
packetStat20220227_10-26-59.csv,800,28.4123,20220227DATA,2,980;860,0,
packetStat20220227_10-27-08.csv,800,14.0858,20220227DATA,2,940;540,0,
packetStat20220227_10-29-14.csv,800,10.47,20220227DATA,6,4660;2380;3620;1820;4800;4780,4,
packetStat20220227_10-29-41.csv,800,8.7365,20220227DATA,6,4540;2620;3680;4920;5240;5240,4,
packetStat20220227_10-33-31.csv,800,21.3434,20220227DATA,2,1980;4180,0,
packetStat20220227_10-34-15.csv,800,22.7298,20220227DATA,2,980;820,0,
packetStat20220227_10-34-25.csv,800,13.7082,20220227DATA,2,920;700,0,
packetStat20220227_10-35-34.csv,800,9.39051,20220227DATA,4,6760;2260;1017;559,2,
packetStat20220227_10-38-28.csv,800,8.56763,20220227DATA,6,3720;5320;7100;9360;11640;11640,4,
packetStat20220227_10-39-53.csv,800,10.1814,20220227DATA,2,4980;13240,0,
packetStat20220227_10-40-20.csv,800,10.0964,20220227DATA,2,3600;4920,0,
packetStat20220227_10-40-44.csv,800,10.2442,20220227DATA,3,3440;4220;9040,1,
packetStat20220227_10-41-01.csv,800,11.4432,20220227DATA,2,1260;3260,0,
packetStat20220227_10-41-23.csv,800,5.93349,20220227DATA,2,6100;11660,0,
packetStat20220227_10-41-49.csv,800,9.8569,20220227DATA,2,3300;4280,0,
packetStat20220227_10-42-00.csv,800,5.56824,20220227DATA,2,940;740,0,
packetStat20220227_10-42-49.csv,800,17.0474,20220227DATA,2,2500;1640,0,
packetStat20220227_10-43-12.csv,800,10.8281,20220227DATA,4,5500;4960;9920;10800,2,
packetStat20220227_10-44-23.csv,800,17.8723,20220227DATA,2,1060;780,0,
packetStat20220227_10-44-42.csv,800,8.42113,20220227DATA,2,5960;12200,0,
packetStat20220227_10-45-26.csv,800,22.4611,20220227DATA,2,4640;4960,0,
packetStat20220227_10-46-00.csv,800,7.05409,20220227DATA,3,4940;4220;4920,1,
packetStat20220227_10-50-52.csv,800,16.2953,20220227DATA,5,6760;6660;8720;9180,3,
packetStat20220227_10-51-56.csv,800,6.0249,20220227DATA,2,4100;4600,0,
packetStat20220227_10-52-29.csv,800,19.9654,20220227DATA,2,920;900,0,
packetStat20220227_10-53-39.csv,800,10.26,20220227DATA,2,3460;3560,0,
packetStat20220227_10-53-52.csv,800,15.7734,20220227DATA,2,920;800,0,
packetStat20220227_10-54-01.csv,800,18.9957,20220227DATA,2,1040;700,0,
packetStat20220227_10-54-15.csv,800,10.9711,20220227DATA,2,960;3180,0,
packetStat20220227_10-55-18.csv,800,12.7855,20220227DATA,2,1000;3200,0,
packetStat20220227_10-58-14.csv,800,8.40516,20220227DATA,4,5860;7500;3380;3380,2,
packetStat20220227_11-00-53.csv,800,9.97521,20220227DATA,3,2500;1920;4020,1,
packetStat20220227_11-01-07.csv,800,14.0411,20220227DATA,2,1120;960,0,
packetStat20220227_11-01-18.csv,800,10.917,20220227DATA,2,1320;2400,0,
packetStat20220227_11-01-27.csv,800,8.24873,20220227DATA,2,780;560,0,
packetStat20220227_11-02-08.csv,800,12.199,20220227DATA,4,3600;3400;3380;3840,2,
packetStat20220227_11-03-20.csv,800,10.8813,20220227DATA,2,4560;9700,0,
packetStat20220227_11-03-47.csv,800,5.01394,20220227DATA,6,6460;5100;9300;7020;8260;14320,4,
packetStat20220227_11-05-15.csv,800,9.76999,20220227DATA,2,1820;3920,0,
packetStat20220227_11-07-55.csv,800,12.8847,20220227DATA,6,3200;2980;3160;4300;3880;8400,4,
packetStat20220227_11-11-10.csv,800,13.4995,20220227DATA,2,980;860,0,
packetStat20220227_11-11-23.csv,800,15.6251,20220227DATA,2,1620;1180,0,
packetStat20220227_11-11-38.csv,800,6.886,20220227DATA,2,3320;3160,0,
packetStat20220227_11-12-46.csv,800,21.87,20220227DATA,2,820;520,0,
packetStat20220227_11-13-08.csv,800,24.3089,20220227DATA,2,820;660,0,
packetStat20220227_11-13-17.csv,800,21.4467,20220227DATA,2,960;1720,0,
packetStat20220227_11-14-40.csv,800,8.51278,20220227DATA,2,1380;6060,0,
packetStat20220227_11-15-04.csv,800,10.0279,20220227DATA,2,2180;8300,0,
packetStat20220227_11-15-21.csv,800,11.7361,20220227DATA,2,1140;2300,0,
packetStat20220227_11-15-44.csv,800,13.049,20220227DATA,2,1140;2880,0,
packetStat20220227_11-16-41.csv,800,8.94816,20220227DATA,2,1160;3520,0,
packetStat20220227_11-17-05.csv,800,14.612,20220227DATA,2,1000;3300,0,
packetStat20220227_11-17-21.csv,800,11.3359,20220227DATA,2,800;1400,0,
packetStat20220227_11-18-50.csv,800,21.3092,20220227DATA,2,3780;3440,0,
packetStat20220227_11-19-16.csv,800,27.5871,20220227DATA,2,1000;1140,0,
packetStat20220227_11-19-33.csv,800,9.87887,20220227DATA,3,7320;8240;10080,1,
packetStat20211130_03-24-13.csv,800,2,20211130DATA-test,3,2,1,
packetStat20211130_03-24-33.csv,800,2,20211130DATA-test,3,2,1,
packetStat20211130_03-29-55.csv,800,2,20211130DATA-test,3,2,1,
packetStat20211130_04-06-09.csv,800,2,20211130DATA-test,3,2,1,
packetStat20220227_11-20-08.csv,800,15.4616,20220227DATA,2,680;1640,0,
packetStat20220227_11-20-28.csv,800,24.2645,20220227DATA,2,840;1020,0,
packetStat20220227_11-21-02.csv,800,10.5531,20220227DATA,4,3360;3140;2740;2720,2,
packetStat20220227_11-21-41.csv,800,10.917,20220227DATA,3,2800;2280;3980,1,
packetStat20220227_11-22-13.csv,800,14.5163,20220227DATA,2,4700;11700,0,
packetStat20220227_11-22-27.csv,800,10.1814,20220227DATA,2,840;1020,0,
packetStat20220227_11-22-39.csv,800,10.1971,20220227DATA,6,5320;2880;2860;1320;1460;2420,4,
packetStat20220227_11-23-19.csv,800,17.8963,20220227DATA,2,980;680,0,
packetStat20220227_11-23-28.csv,800,16.416,20220227DATA,2,1300;5080,0,
packetStat20220227_11-23-51.csv,800,9.87887,20220227DATA,4,5160;5360;6160;8160,2,
packetStat20220227_11-24-27.csv,800,15.6068,20220227DATA,6,5340;3100;2860;1480;1460;2360,4,
packetStat20220227_11-24-48.csv,800,7.60696,20220227DATA,6,3480;3080;3760;1620;2440;2440,4,
packetStat20220227_11-26-21.csv,800,16.9173,20220227DATA,6,5880;3140;2440;1240;3760,4,
packetStat20220227_11-26-47.csv,800,7.2661,20220227DATA,6,4040;1620;2480;1480;1640;3640,4,
packetStat20220227_11-30-26.csv,800,26.488,20220227DATA,2,560;700,0,
packetStat20220227_11-32-08.csv,800,6.84704,20220227DATA,6,2900;2760;2700;2620;1360;4080,4,
packetStat20220227_11-32-43.csv,800,12.6277,20220227DATA,2,2560;2780,0,
packetStat20220227_11-33-19.csv,800,33.077,20220227DATA,2,840;780,0,
packetStat20220227_11-33-39.csv,800,6.68525,20220227DATA,2,5780;6600,0,
packetStat20220227_11-34-33.csv,800,9.41711,20220227DATA,2,5440;5100,0,
packetStat20220227_11-35-01.csv,800,10.47,20220227DATA,6,5220;2540;2460;1600;1660;1960,4,
packetStat20220227_11-35-21.csv,800,10.2442,20220227DATA,6,5040;2820;2500;1460;1440;2140,4,
packetStat20220227_11-35-55.csv,800,29.4181,20220227DATA,2,1140;1280,0,
packetStat20220227_11-36-42.csv,800,12.5799,20220227DATA,2,2000;2920,0,
packetStat20220227_11-37-23.csv,800,19.6701,20220227DATA,2,1000;820,0,
packetStat20220227_11-37-57.csv,800,18.1901,20220227DATA,2,3760;9100,0,
packetStat20220227_11-39-38.csv,800,9.70581,20220227DATA,2,840;1120,0,
packetStat20220227_11-39-50.csv,800,12.4737,20220227DATA,2,780;660,0,
packetStat20220227_11-40-25.csv,800,17.5191,20220227DATA,2,5660;10120,0,
packetStat20220227_11-41-10.csv,800,10.7755,20220227DATA,2,3020;4620,0,
packetStat20220227_11-41-43.csv,800,6.9984,20220227DATA,6,3920;2720;2660;1320;1380;3680,4,
packetStat20220227_11-42-08.csv,800,9.07023,20220227DATA,2,5520;11280,0,
packetStat20220227_11-42-40.csv,800,8.58977,20220227DATA,2,1400;7080,0,
packetStat20220227_11-42-53.csv,800,5,20220227DATA,2,700;1040,0,
packetStat20220227_11-43-44.csv,800,10.2759,20220227DATA,6,5440;2380;2640;1220;1500;4020,4,
packetStat20220227_11-51-35.csv,800,4.52278,20220227DATA,6,2740;2620;2720;1260;1460;4700,4,
packetStat20220227_11-52-45.csv,800,5.98423,20220227DATA,6,2680;2860;2800;1280;1360;5000,4,
packetStat20220227_11-54-02.csv,800,14.5322,20220227DATA,2,620;1120,0,
packetStat20220227_11-54-25.csv,800,13.244,20220227DATA,4,3180;3280;2920;3000,2,bad
packetStat20220227_11-55-53.csv,800,23.5,20220227DATA,6,2720;2780;2600;1220;1200;4500,4,
packetStat20220227_12-12-42.csv,800,14.9741,20220227DATA,6,2820;2500;2260;1460;1320;4600,4,
packetStat20220227_12-13-51.csv,800,5.86027,20220227DATA,2,5620;13060,0,
packetStat20220227_12-14-30.csv,800,8.92413,20220227DATA,6,3300;3020;3000;1240;1080;5240,4,
packetStat20220227_12-14-52.csv,800,12.6638,20220227DATA,2,1220;1920,0,
packetStat20220227_12-15-09.csv,800,11.7985,20220227DATA,2,1500;3800,0,
packetStat20220227_12-18-13.csv,800,6.9837,20220227DATA,6,6460;7780;7920;6780;6820;8060,4,bad
packetStat20220227_12-19-56.csv,800,6.37438,20220227DATA,6,3400;5180;7860;8100;15620,4,
packetStat20220227_12-21-52.csv,800,6.30786,20220227DATA,6,3580;4400;11660;6560;5440;7060,4,
packetStat20220227_12-22-46.csv,800,7.49124,20220227DATA,6,3700;1820;2860;1240;1280;5560,4,
packetStat20220227_12-23-18.csv,800,11.83,20220227DATA,6,3700;2960;2660;1380;1560;5040,4,
packetStat20220227_12-23-47.csv,800,8.73077,20220227DATA,2,5320;18240,0,
packetStat20220227_12-24-25.csv,800,25.0886,20220227DATA,2,940;580,0,
packetStat20220227_12-24-47.csv,800,9.77718,20220227DATA,4,2980;3820;11680;13060,2,
packetStat20220227_12-25-38.csv,800,8.7365,20220227DATA,6,4040;3240;7360;4160;4260;7000,4,
packetStat20220227_12-26-10.csv,800,9.60069,20220227DATA,2,1620;3340,0,
packetStat20220227_12-26-37.csv,800,12.96,20220227DATA,2,840;640,0,
packetStat20220227_12-26-52.csv,800,9.40379,20220227DATA,2,1200;4020,0,
packetStat20220227_12-27-22.csv,800,7.60696,20220227DATA,2,5060;13060,0,
packetStat20220227_12-27-48.csv,800,6.3805,20220227DATA,6,3140;3060;3180;1860;3520;3520,4,
packetStat20220227_12-28-22.csv,800,27.9348,20220227DATA,2,720;1120,0,
packetStat20220227_12-30-02.csv,800,26.488,20220227DATA,2,800;1160,0,
packetStat20220227_12-31-29.csv,800,8.62319,20220227DATA,2,2800;13100,0,
packetStat20211126_15-49-50_five.csv,800,8.62319,20211203DATA,5,2,3,
packetStat20211126_17-47-09_five.csv,800,8.62319,20211203DATA,5,2,3,
packetStat20211126_21-33-55_five.csv,800,8.62319,20211203DATA,5,2,3,
packetStat20211127_16-21-40_five.csv,800,8.62319,20211203DATA,5,2,3,
packetStat20211127_16-56-51_fivemaybe.csv,800,8.62319,20211203DATA,5,2,3,
packetStat20211127_17-40-56_five.csv,800,8.62319,20211203DATA,5,2,3,
packetStat20211127_21-52-58_five.csv,800,8.62319,20211203DATA,5,2,3,
packetStat20211127_23-06-38_five.csv,800,8.62319,20211203DATA,5,2,3,
packetStat20211128_17-21-10_five.csv,800,8.62319,20211203DATA,5,2,3,
packetStat20211129_12-20-31_five.csv,800,8.62319,20211203DATA,5,2,3,
packetStat20211129_12-24-06_five.csv,800,8.62319,20211203DATA,5,2,3,
packetStat20211129_14-41-29_five.csv,800,8.62319,20211203DATA,5,2,3,
packetStat20211129_15-56-12_five.csv,800,8.62319,20211203DATA,5,2,3,
packetStat20211129_16-30-53_five.csv,800,8.62319,20211203DATA,5,2,3,
packetStat20211129_17-22-14_five.csv,800,8.62319,20211203DATA,5,2,3,
packetStat20211129_18-59-36_five.csv,800,8.62319,20211203DATA,5,2,3,
packetStat20211129_19-38-58_five.csv,800,8.62319,20211203DATA,5,2,3,
packetStat20211129_20-08-24_fivemaybe.csv,800,8.62319,20211203DATA,5,2,3,
packetStat20211129_20-20-40_five.csv,800,8.62319,20211203DATA,5,2,3,
packetStat20211129_20-54-16_five.csv,800,8.62319,20211203DATA,5,2,3,
packetStat20211201_15-25-57_five.csv,800,8.62319,20211203DATA,5,2,3,
packetStat20211201_17-39-32_five.csv,800,8.62319,20211203DATA,5,2,3,
packetStat20211201_18-01-01_five.csv,800,8.62319,20211203DATA,5,2,3,
packetStat20211201_18-26-39_five.csv,800,8.62319,20211203DATA,5,2,3,
packetStat20211201_20-37-20_five.csv,800,8.62319,20211203DATA,5,2,3,
packetStat20211201_20-54-33_fivemaybe.csv,800,8.62319,20211203DATA,5,2,3,
packetStat20211201_21-20-02_five.csv,800,8.62319,20211203DATA,5,2,3,
packetStat20211201_22-09-46_five.csv,800,8.62319,20211203DATA,5,2,3,
packetStat20211201_22-23-19_five.csv,800,8.62319,20211203DATA,5,2,3,
packetStat20211202_23-11-37_five.csv,800,8.62319,20211203DATA,5,2,3,
packetStat20211202_23-20-48_five.csv,800,8.62319,20211203DATA,5,2,3,
packetStat20211202_23-26-08_five.csv,800,8.62319,20211203DATA,5,2,3,
packetStat20211202_23-31-04_five.csv,800,8.62319,20211203DATA,5,2,3,
packetStat20211203_09-59-59.csv,800,8.62319,20211203DATA,4,3760;3500;4200;4300,2,
packetStat20211203_10-00-28.csv,800,8.62319,20211203DATA,2,780;600,0,
packetStat20211203_10-03-30.csv,800,11.4235,20211203DATA,6,2900;2740;2740;2100;1680;4240,4,
packetStat20211203_10-03-49.csv,800,,20211203DATA,6,,4,
packetStat20211203_10-04-34.csv,419,22.088,20211203DATA,5,6660;4900;8120;10440;10440,3,
packetStat20211203_10-08-42.csv,419,,20211203DATA,6,2,4,
packetStat20211203_10-11-55.csv,419,,20211203DATA,6,2,4,
packetStat20211203_10-14-01.csv,419,,20211203DATA,4,2,2,
packetStat20211203_10-14-26.csv,419,,20211203DATA,6,2,4,
packetStat20211203_10-15-48.csv,419,,20211203DATA,3,2,1,
packetStat20211203_10-17-18.csv,419,,20211203DATA,3,2,1,
packetStat20211203_10-20-08.csv,419,,20211203DATA,3,2,1,
packetStat20211203_10-21-30.csv,419,,20211203DATA,4,2,2,
packetStat20211203_10-26-28.csv,419,,20211203DATA,6,2,4,
packetStat20211203_10-31-06.csv,419,,20211203DATA,4,2,2,
packetStat20211203_10-31-27.csv,419,,20211203DATA,6,2,4,
packetStat20211203_10-31-47.csv,419,,20211203DATA,6,2,4,
packetStat20211203_10-32-18.csv,419,,20211203DATA,6,2,4,
packetStat20211203_10-34-25.csv,419,,20211203DATA,3,2,1,
packetStat20211203_10-35-04.csv,419,,20211203DATA,6,2,4,
packetStat20211203_10-35-29.csv,419,,20211203DATA,4,2,2,
packetStat20211203_10-37-23.csv,419,,20211203DATA,3,2,1,
packetStat20211203_10-37-36.csv,419,,20211203DATA,6,2,4,
packetStat20211203_10-38-55.csv,419,,20211203DATA,3,2,1,
packetStat20211203_10-39-20.csv,419,,20211203DATA,6,2,4,
packetStat20211203_10-40-22.csv,419,,20211203DATA,6,2,4,
packetStat20211203_10-42-12.csv,419,,20211203DATA,6,2,4,
packetStat20211203_10-42-39.csv,419,,20211203DATA,6,2,4,
packetStat20211203_10-43-03.csv,419,,20211203DATA,6,2,4,
packetStat20211203_10-44-08.csv,419,,20211203DATA,3,2,1,
packetStat20211203_10-46-09.csv,419,,20211203DATA,6,2,4,
packetStat20211203_10-48-02.csv,419,,20211203DATA,6,2,4,
packetStat20211203_10-49-28.csv,419,,20211203DATA,6,2,4,
packetStat20211203_10-50-02.csv,419,,20211203DATA,6,2,4,
packetStat20211203_10-50-49.csv,419,,20211203DATA,6,2,4,
packetStat20211203_10-53-13.csv,419,,20211203DATA,6,2,4,
packetStat20211203_10-54-13.csv,419,,20211203DATA,6,2,4,
packetStat20211203_10-55-22.csv,419,,20211203DATA,6,2,4,
packetStat20211203_11-03-45.csv,419,,20211203DATA,6,2,4,
packetStat20211203_11-08-08.csv,419,,20211203DATA,6,2,4,
packetStat20211203_11-14-55.csv,419,,20211203DATA,3,2,1,
packetStat20211203_11-19-01.csv,419,,20211203DATA,6,2,4,
packetStat20211203_11-20-36.csv,419,,20211203DATA,6,2,4,
packetStat20211203_11-32-14.csv,419,,20211203DATA,3,2,1,
packetStat20211203_11-41-59.csv,419,,20211203DATA,6,2,4,
packetStat20211203_11-42-27.csv,419,,20211203DATA,6,2,4,
packetStat20211203_11-44-58.csv,419,,20211203DATA,6,2,4,
packetStat20211203_11-46-47.csv,419,,20211203DATA,3,2,1,
packetStat20211203_11-47-31.csv,419,,20211203DATA,6,2,4,
packetStat20211203_11-50-24.csv,419,,20211203DATA,4,2,2,
packetStat20211203_11-51-02.csv,419,,20211203DATA,6,2,4,
packetStat20211203_11-59-55.csv,419,,20211203DATA,6,2,4,
packetStat20211203_12-03-51.csv,419,,20211203DATA,6,2,4,
packetStat20211203_12-08-32.csv,419,,20211203DATA,6,2,4,
packetStat20211203_12-12-54.csv,419,,20211203DATA,3,2,1,
packetStat20211203_12-13-17.csv,419,,20211203DATA,4,2,2,
packetStat20211203_12-17-15.csv,419,,20211203DATA,6,2,4,
packetStat20211203_12-21-31.csv,419,,20211203DATA,3,2,1,
packetStat20211203_12-23-07.csv,419,,20211203DATA,6,2,4,
packetStat20211203_12-30-26.csv,419,,20211203DATA,6,2,4,
packetStat20211203_12-30-54.csv,419,,20211203DATA,6,2,4,
packetStat20211203_12-32-03.csv,419,,20211203DATA,4,2,2,
packetStat20211203_12-33-37.csv,419,,20211203DATA,4,2,2,
packetStat20211203_12-34-17.csv,419,,20211203DATA,6,2,4,
packetStat20211203_12-40-04.csv,419,,20211203DATA,6,2,4,
packetStat20211203_12-41-00.csv,419,,20211203DATA,4,2,2,
packetStat20211203_12-43-42.csv,419,,20211203DATA,6,2,4,
packetStat20211203_12-45-23.csv,419,,20211203DATA,3,2,1,
packetStat20211203_12-45-44.csv,419,,20211203DATA,4,2,2,
packetStat20211203_12-46-10.csv,419,,20211203DATA,3,2,1,bad
packetStat20211203_12-48-03.csv,419,,20211203DATA,4,2,2,
packetStat20211203_12-48-35.csv,419,,20211203DATA,4,2,2,
packetStat20211203_12-50-09.csv,419,,20211203DATA,6,2,4,
packetStat20211203_12-57-58.csv,419,,20211203DATA,6,2,4,
packetStat20211203_12-58-59.csv,419,,20211203DATA,3,2,1,
packetStat20211203_13-05-27.csv,419,,20211203DATA,4,2,2,
packetStat20211203_13-05-51.csv,419,,20211203DATA,6,2,4,
packetStat20211203_13-06-15.csv,419,,20211203DATA,4,2,2,
packetStat20211203_13-09-37.csv,419,,20211203DATA,6,2,4,
packetStat20211203_13-11-14.csv,419,,20211203DATA,6,2,4,
packetStat20211203_13-11-49.csv,419,,20211203DATA,6,2,4,
packetStat20211203_13-14-34.csv,419,,20211203DATA,6,2,4,
packetStat20211203_13-15-22.csv,419,,20211203DATA,6,2,4,
packetStat20211203_13-17-04.csv,419,,20211203DATA,6,2,4,
packetStat20211203_13-17-52.csv,419,,20211203DATA,4,2,2,
packetStat20211203_13-20-04.csv,419,,20211203DATA,3,2,1,
packetStat20211203_13-24-41.csv,419,,20211203DATA,3,2,1,
packetStat20211203_13-25-04.csv,419,,20211203DATA,6,2,4,
packetStat20211203_13-31-04.csv,419,,20211203DATA,4,2,2,
packetStat20211203_13-37-21.csv,419,,20211203DATA,6,2,4,
packetStat20211203_13-38-13.csv,419,,20211203DATA,6,2,4,
packetStat20211203_13-38-48.csv,419,,20211203DATA,6,2,4,
packetStat20211203_13-39-13.csv,419,,20211203DATA,6,2,4,
packetStat20211203_13-40-00.csv,419,,20211203DATA,6,2,4,
packetStat20211203_13-40-32.csv,419,,20211203DATA,6,2,4,
packetStat20211203_13-42-43.csv,419,,20211203DATA,6,2,4,
packetStat20211203_13-54-31.csv,419,,20211203DATA,6,2,4,
packetStat20211203_13-58-21.csv,419,,20211203DATA,3,2,1,
packetStat20211203_13-58-51.csv,419,,20211203DATA,6,2,4,
packetStat20211203_14-03-50.csv,419,,20211203DATA,6,2,4,
packetStat20211203_14-05-07.csv,419,,20211203DATA,2,2,0,
packetStat20211203_14-11-32.csv,419,,20211203DATA,6,2,4,
packetStat20211203_14-16-06.csv,419,,20211203DATA,6,2,4,
packetStat20211203_14-16-31.csv,419,,20211203DATA,3,2,1,
packetStat20211203_14-16-47.csv,419,,20211203DATA,2,2,0,
packetStat20211203_14-17-21.csv,419,,20211203DATA,4,2,2,
packetStat20211203_14-23-22.csv,419,,20211203DATA,3,2,1,
packetStat20211203_14-24-08.csv,419,,20211203DATA,4,2,2,
packetStat20211203_14-27-02.csv,419,,20211203DATA,6,2,4,
packetStat20211203_14-36-13.csv,419,,20211203DATA,6,2,4,
packetStat20211203_14-41-01.csv,419,,20211203DATA,6,2,4,
packetStat20211203_14-41-30.csv,419,,20211203DATA,6,2,4,
packetStat20211203_14-43-43.csv,419,,20211203DATA,5,2,3,
packetStat20211203_14-44-05.csv,419,,20211203DATA,6,2,4,
packetStat20211203_14-44-34.csv,419,,20211203DATA,6,2,4,
packetStat20211203_14-49-43.csv,419,,20211203DATA,2,2,0,
packetStat20211203_14-50-25.csv,419,,20211203DATA,6,2,4,
packetStat20211203_14-54-17.csv,419,,20211203DATA,5,2,3,
packetStat20211203_14-55-01.csv,419,,20211203DATA,4,2,2,
packetStat20211203_15-04-20.csv,419,,20211203DATA,6,2,4,
packetStat20211203_15-06-14.csv,419,,20211203DATA,6,2,4,
packetStat20211203_15-14-39.csv,419,,20211203DATA,3,2,1,
packetStat20211203_15-19-48.csv,419,,20211203DATA,4,2,2,
packetStat20211203_15-41-23.csv,419,,20211203DATA,2,2,0,
packetStat20211203_15-49-00.csv,419,,20211203DATA,4,2,2,
packetStat20211203_15-54-11.csv,419,,20211203DATA,4,2,2,
packetStat20211203_16-00-18.csv,419,,20211203DATA,3,2,1,
packetStat20211203_16-02-50.csv,419,,20211203DATA,4,2,2,
packetStat20211203_16-05-54.csv,419,,20211203DATA,4,2,2,
packetStat20211203_16-08-08.csv,419,,20211203DATA,5,2,3,
packetStat20211203_16-08-08.csv,419,,20211203DATA,5,2,3,
packetStat20211203_16-20-05.csv,419,,20211203DATA,3,2,1,
packetStat20211203_16-27-10.csv,419,,20211203DATA,4,2,2,
packetStat20211203_16-35-42.csv,419,,20211203DATA,4,2,2,
packetStat20211203_16-46-06.csv,419,,20211203DATA,3,2,1,
packetStat20211203_16-48-51.csv,419,,20211203DATA,5,2,3,
packetStat20211203_16-54-16.csv,419,,20211203DATA,3,2,1,
packetStat20211203_17-01-00.csv,419,,20211203DATA,3,2,1,
packetStat20211203_17-01-20.csv,419,,20211203DATA,3,2,1,
packetStat20211203_17-02-07.csv,419,,20211203DATA,4,2,2,
packetStat20211203_17-10-53.csv,419,,20211203DATA,3,2,1,
packetStat20211203_17-18-39.csv,419,,20211203DATA,4,2,2,
packetStat20211203_17-26-53.csv,419,,20211203DATA,3,2,1,
packetStat20211203_17-38-35.csv,419,,20211203DATA,4,2,2,
packetStat20211203_17-42-28.csv,419,,20211203DATA,4,2,2,
packetStat20211203_17-53-51.csv,419,,20211203DATA,3,2,1,
packetStat20211203_18-03-30.csv,419,,20211203DATA,3,2,1,
packetStat20211203_18-28-41.csv,419,,20211203DATA,4,2,2,
packetStat20211203_18-29-10.csv,419,,20211203DATA,4,2,2,
packetStat20211203_18-52-55.csv,419,,20211203DATA,3,2,1,
packetStat20211203_18-59-23.csv,419,,20211203DATA,4,2,2,
packetStat20211203_19-11-14.csv,419,,20211203DATA,3,2,1,
packetStat20211203_19-12-20.csv,419,,20211203DATA,3,2,1,
packetStat20211203_19-14-06.csv,419,,20211203DATA,4,2,2,
packetStat20211203_19-15-46.csv,419,,20211203DATA,3,2,1,
packetStat20211203_19-18-23.csv,419,,20211203DATA,4,2,2,
packetStat20211203_19-21-50.csv,419,,20211203DATA,3,2,1,
packetStat20211203_19-59-17.csv,419,,20211203DATA,3,2,1,
packetStat20211203_20-54-36.csv,419,,20211203DATA,3,2,1,
packetStat20211203_20-57-34.csv,419,,20211203DATA,4,2,2,
packetStat20211203_20-58-12.csv,419,,20211203DATA,5,2,3,
packetStat20211203_21-29-14.csv,419,,20211203DATA,4,2,2,
packetStat20211203_21-29-54.csv,419,,20211203DATA,4,2,2,
packetStat20211203_21-31-39.csv,419,,20211203DATA,3,2,1,
packetStat20211203_21-33-01.csv,419,,20211203DATA,4,2,2,
packetStat20211203_21-38-09.csv,419,,20211203DATA,3,2,1,
packetStat20211203_21-38-32.csv,419,,20211203DATA,3,2,1,
packetStat20211203_21-43-42.csv,419,,20211203DATA,3,2,1,
packetStat20211203_21-44-30.csv,419,,20211203DATA,4,2,2,
packetStat20211203_21-44-53.csv,419,,20211203DATA,4,2,2,
packetStat20211203_21-45-33.csv,419,,20211203DATA,3,2,1,
packetStat20211203_21-46-06.csv,419,,20211203DATA,3,2,1,
packetStat20211203_21-46-31.csv,419,,20211203DATA,4,2,2,
packetStat20211203_21-47-59.csv,419,,20211203DATA,4,2,2,
packetStat20211203_21-50-23.csv,419,,20211203DATA,3,2,1,
packetStat20211203_21-51-40.csv,419,,20211203DATA,3,2,1,
packetStat20211203_21-53-50.csv,419,,20211203DATA,3,2,1,
packetStat20211203_21-59-25.csv,419,,20211203DATA,4,2,2,
packetStat20211203_22-01-38.csv,419,,20211203DATA,3,2,1,
packetStat20211203_22-02-43.csv,419,,20211203DATA,4,2,2,
packetStat20211203_22-03-10.csv,419,,20211203DATA,4,2,2,
packetStat20211203_22-03-34.csv,419,,20211203DATA,4,2,2,
packetStat20211203_22-04-54.csv,419,,20211203DATA,3,2,1,
packetStat20211203_22-05-40.csv,419,,20211203DATA,4,2,2,
packetStat20211203_22-06-21.csv,419,,20211203DATA,4,2,2,
packetStat20211203_22-07-31.csv,419,,20211203DATA,4,2,2,
packetStat20211203_22-07-50.csv,419,,20211203DATA,3,2,1,
packetStat20211203_22-08-16.csv,419,,20211203DATA,4,2,2,
packetStat20211203_22-08-34.csv,419,,20211203DATA,3,2,1,
packetStat20211203_22-16-13.csv,419,,20211203DATA,3,2,1,
packetStat20211203_22-27-33.csv,419,,20211203DATA,4,2,2,
packetStat20211203_22-40-57.csv,419,,20211203DATA,4,2,2,
packetStat20211203_22-45-37.csv,419,,20211203DATA,4,2,2,
packetStat20211203_23-00-02.csv,419,,20211203DATA,4,2,2,
packetStat20211203_23-02-01.csv,419,,20211203DATA,4,2,2,
packetStat20211203_23-18-09.csv,419,,20211203DATA,4,2,2,
packetStat20211205_12-05-50_3.csv,,,20211205DATA,3,,1,
packetStat20211205_12-06-07_3.csv,,,20211205DATA,3,,1,
packetStat20211205_12-06-23_6.csv,,,20211205DATA,6,,4,
packetStat20211205_12-06-48_6.csv,,,20211205DATA,6,,4,
packetStat20211205_12-07-53_3.csv,,,20211205DATA,3,,1,
packetStat20211205_12-13-23_6.csv,,,20211205DATA,6,,4,
packetStat20211205_12-16-03_6.csv,,,20211205DATA,6,,4,
packetStat20211205_12-18-32_6.csv,,,20211205DATA,6,,4,
packetStat20211205_12-19-56_6.csv,,,20211205DATA,6,,4,
packetStat20211205_12-25-59_6.csv,,,20211205DATA,6,,4,
packetStat20211205_12-36-22_3.csv,,,20211205DATA,3,,1,
packetStat20211205_12-43-41_6.csv,,,20211205DATA,6,,4,
packetStat20211205_12-46-47_6.csv,,,20211205DATA,6,,4,
packetStat20211205_12-47-17_6.csv,,,20211205DATA,6,,4,
packetStat20211205_12-47-48_6.csv,,,20211205DATA,6,,4,
packetStat20211205_12-48-53_6.csv,,,20211205DATA,6,,4,
packetStat20211205_12-52-47_4.csv,,,20211205DATA,4,,2,
packetStat20211205_12-57-07_4.csv,,,20211205DATA,4,,2,
packetStat20211205_12-58-13_6.csv,,,20211205DATA,6,,4,
packetStat20211205_12-59-28_3.csv,,,20211205DATA,3,,1,
packetStat20211205_13-01-08_6.csv,,,20211205DATA,6,,4,
packetStat20211205_13-02-21_3.csv,,,20211205DATA,3,,1,
packetStat20211205_13-03-58_3.csv,,,20211205DATA,3,,1,
packetStat20211205_13-06-40_6.csv,,,20211205DATA,6,,4,
packetStat20211205_13-09-40_6.csv,,,20211205DATA,6,,4,
packetStat20211205_13-12-54_6.csv,,,20211205DATA,6,,4,
packetStat20211205_13-17-48_4.csv,,,20211205DATA,4,,2,
packetStat20211205_13-22-17_3.csv,,,20211205DATA,3,,1,
packetStat20211205_13-32-35_4.csv,,,20211205DATA,4,,2,
packetStat20211205_13-33-59_6.csv,,,20211205DATA,6,,4,
packetStat20211205_13-40-20_4.csv,,,20211205DATA,4,,2,
packetStat20211205_13-47-44_4.csv,,,20211205DATA,4,,2,
packetStat20211205_14-27-53_4.csv,,,20211205DATA,4,,2,
packetStat20211205_14-30-10_3.csv,,,20211205DATA,3,,1,
packetStat20211205_14-40-32_3.csv,,,20211205DATA,3,,1,
packetStat20211205_14-41-33_3.csv,,,20211205DATA,3,,1,
packetStat20211205_14-56-56_3.csv,,,20211205DATA,3,,1,
packetStat20211205_14-57-24_4.csv,,,20211205DATA,4,,2,
packetStat20211205_15-07-38_4.csv,,,20211205DATA,4,,2,
packetStat20211205_15-07-53_4.csv,,,20211205DATA,4,,2,
packetStat20211205_15-08-26_4.csv,,,20211205DATA,4,,2,
packetStat20211205_15-15-24_3.csv,,,20211205DATA,3,,1,
packetStat20211205_15-18-31_3.csv,,,20211205DATA,3,,1,
packetStat20211205_15-33-47_4.csv,,,20211205DATA,4,,2,
packetStat20211205_15-47-00_5.csv,,,20211205DATA,5,,3,
packetStat20211205_15-57-42_4.csv,,,20211205DATA,4,,2,
packetStat20211205_15-58-30_6.csv,,,20211205DATA,6,,4,
packetStat20211205_15-58-57_6.csv,,,20211205DATA,6,,4,
packetStat20211205_16-00-12_4.csv,,,20211205DATA,4,,2,
packetStat20211205_16-01-44_4.csv,,,20211205DATA,4,,2,
packetStat20211205_16-02-37_6.csv,,,20211205DATA,6,,4,
packetStat20211205_16-04-07_4.csv,,,20211205DATA,4,,2,
packetStat20211205_16-06-14_4.csv,,,20211205DATA,4,,2,
packetStat20211205_16-10-10_4.csv,,,20211205DATA,4,,2,
packetStat20211205_16-20-14_3.csv,,,20211205DATA,3,,1,
packetStat20211205_16-20-35_3.csv,,,20211205DATA,3,,1,
packetStat20211205_16-27-04_5.csv,,,20211205DATA,5,,3,
packetStat20211205_16-29-36_4.csv,,,20211205DATA,4,,2,
packetStat20211205_16-30-26_4.csv,,,20211205DATA,4,,2,
packetStat20211205_16-49-31_3.csv,,,20211205DATA,3,,1,
packetStat20211205_16-52-10_4.csv,,,20211205DATA,4,,2,
packetStat20211205_17-11-42_3.csv,,,20211205DATA,3,,1,
packetStat20211205_17-16-38_4.csv,,,20211205DATA,4,,2,
packetStat20211205_17-19-29_4.csv,,,20211205DATA,4,,2,
packetStat20211205_17-33-06_4.csv,,,20211205DATA,4,,2,
packetStat20211205_17-51-08_4.csv,,,20211205DATA,4,,2,
packetStat20211205_18-07-58_4.csv,,,20211205DATA,4,,2,
packetStat20211205_18-15-25_4.csv,,,20211205DATA,4,,2,
packetStat20211205_18-21-29_3.csv,,,20211205DATA,3,,1,
packetStat20211205_18-22-44_6.csv,,,20211205DATA,6,,4,
packetStat20211205_18-33-25_6.csv,,,20211205DATA,6,,4,
packetStat20211205_18-36-01_4.csv,,,20211205DATA,4,,2,
packetStat20211205_18-47-10_3.csv,,,20211205DATA,3,,1,
packetStat20211205_18-54-25_4.csv,,,20211205DATA,4,,2,
packetStat20211205_18-55-20_3.csv,,,20211205DATA,3,,1,
packetStat20211205_19-14-49_4.csv,,,20211205DATA,4,,2,
packetStat20211205_19-17-29_4.csv,,,20211205DATA,4,,2,
packetStat20211205_19-51-40_5.csv,,,20211205DATA,5,,3,
packetStat20211205_19-57-39_3.csv,,,20211205DATA,3,,1,
packetStat20211205_20-10-21_4.csv,,,20211205DATA,4,,2,
packetStat20211205_20-40-55_5.csv,,,20211205DATA,5,,3,
packetStat20211205_20-49-42_4.csv,,,20211205DATA,4,,2,
packetStat20211205_20-52-10_4.csv,,,20211205DATA,4,,2,
packetStat20211205_21-28-47_3.csv,,,20211205DATA,3,,1,
packetStat20211205_21-29-15_3.csv,,,20211205DATA,3,,1,
packetStat20211205_21-36-54_3.csv,,,20211205DATA,3,,1,
packetStat20211205_21-39-12_4.csv,,,20211205DATA,4,,2,
packetStat20211205_21-42-54_5.csv,,,20211205DATA,5,,3,
packetStat20211205_21-50-30_4.csv,,,20211205DATA,4,,2,
packetStat20211205_21-51-53_3.csv,,,20211205DATA,3,,1,bad
packetStat20211205_21-52-27_3.csv,,,20211205DATA,3,,1,
packetStat20211205_21-53-52_4.csv,,,20211205DATA,4,,2,
packetStat20211205_21-54-12_4.csv,,,20211205DATA,4,,2,
packetStat20211205_21-54-35_4.csv,,,20211205DATA,4,,2,
packetStat20211205_21-54-55_4.csv,,,20211205DATA,4,,2,
packetStat20211205_21-55-22_3.csv,,,20211205DATA,3,,1,
packetStat20211205_21-55-36_3.csv,,,20211205DATA,3,,1,
packetStat20211205_21-56-07_3.csv,,,20211205DATA,3,,1,bad
packetStat20211205_21-56-57_4.csv,,,20211205DATA,4,,2,
packetStat20211205_21-57-51_4.csv,,,20211205DATA,4,,2,
packetStat20211205_21-59-33_4.csv,,,20211205DATA,4,,2,
packetStat20211205_22-01-20_4.csv,,,20211205DATA,4,,2,
packetStat20211205_22-01-47_4.csv,,,20211205DATA,4,,2,
packetStat20211205_22-02-08_3.csv,,,20211205DATA,3,,1,
packetStat20211205_22-02-31_4.csv,,,20211205DATA,4,,2,
packetStat20211205_22-03-08_4.csv,,,20211205DATA,4,,2,
packetStat20211205_22-03-48_3.csv,,,20211205DATA,3,,1,
packetStat20211205_22-04-32_3.csv,,,20211205DATA,3,,1,
packetStat20211205_22-04-48_4.csv,,,20211205DATA,4,,2,
packetStat20211205_22-05-08_3.csv,,,20211205DATA,3,,1,
packetStat20211205_22-05-28_3.csv,,,20211205DATA,3,,1,
packetStat20211205_22-06-01_3.csv,,,20211205DATA,3,,1,
packetStat20211205_22-06-25_3.csv,,,20211205DATA,3,,1,
packetStat20211205_22-06-42_3.csv,,,20211205DATA,3,,1,
packetStat20211205_22-07-02_3.csv,,,20211205DATA,3,,1,
packetStat20211205_22-07-21_3.csv,,,20211205DATA,3,,1,
packetStat20211205_22-07-44_3.csv,,,20211205DATA,3,,1,
packetStat20211205_22-08-04_4.csv,,,20211205DATA,4,,2,
packetStat20211205_22-08-34_3.csv,,,20211205DATA,3,,1,
packetStat20211205_22-08-56_4.csv,,,20211205DATA,4,,2,
packetStat20211205_22-10-24_3.csv,,,20211205DATA,3,,1,
packetStat20211205_22-13-00_3.csv,,,20211205DATA,3,,1,
packetStat20211205_22-13-21_3.csv,,,20211205DATA,3,,1,
packetStat20211205_22-14-07_3.csv,,,20211205DATA,3,,1,
packetStat20211205_22-22-06_3.csv,,,20211205DATA,3,,1,
packetStat20211205_22-38-49_3.csv,,,20211205DATA,3,,1,
packetStat20211205_23-11-29_3.csv,,,20211205DATA,3,,1,
packetStat20211205_23-24-38_4.csv,,,20211205DATA,4,,2,
packetStat20211205_23-29-06_4.csv,,,20211205DATA,4,,2,
packetStat20211205_23-32-21_4.csv,,,20211205DATA,4,,2,
packetStat20211206_17-21-23_4.csv,,,20211206DATA,4,,2,
packetStat20211206_17-30-52_3.csv,,,20211206DATA,3,,1,
packetStat20211206_17-39-28_4.csv,,,20211206DATA,4,,2,
packetStat20211206_17-43-34_4.csv,,,20211206DATA,4,,2,
packetStat20211206_17-51-12_3.csv,,,20211206DATA,3,,1,
packetStat20211206_17-53-21_4.csv,,,20211206DATA,4,,2,
packetStat20211206_17-55-35_4.csv,,,20211206DATA,4,,2,
packetStat20211206_18-05-06_3.csv,,,20211206DATA,3,,1,
packetStat20211206_18-06-11_4.csv,,,20211206DATA,4,,2,
packetStat20211206_18-17-52_4.csv,,,20211206DATA,4,,2,
packetStat20211206_18-26-11_3.csv,,,20211206DATA,3,,1,
packetStat20211206_18-27-03_3.csv,,,20211206DATA,3,,1,
packetStat20211206_18-47-14_4.csv,,,20211206DATA,4,,2,
packetStat20211206_19-02-15_3.csv,,,20211206DATA,3,,1,
packetStat20211206_19-21-09_3.csv,,,20211206DATA,3,,1,
packetStat20211206_19-21-44_3.csv,,,20211206DATA,3,,1,
packetStat20211206_19-40-33_4.csv,,,20211206DATA,4,,2,
packetStat20211206_19-42-26_4.csv,,,20211206DATA,4,,2,
packetStat20211206_19-43-12_4.csv,,,20211206DATA,4,,2,
packetStat20211206_19-43-52_4.csv,,,20211206DATA,4,,2,
packetStat20211206_19-44-13_4.csv,,,20211206DATA,4,,2,
packetStat20211206_19-44-33_4.csv,,,20211206DATA,4,,2,
packetStat20211206_19-46-33_4.csv,,,20211206DATA,4,,2,
packetStat20211206_19-56-25_4.csv,,,20211206DATA,4,,2,
packetStat20211206_19-56-55_4.csv,,,20211206DATA,4,,2,
packetStat20211206_19-57-23_4.csv,,,20211206DATA,4,,2,
packetStat20211206_19-58-25_4.csv,,,20211206DATA,4,,2,
packetStat20211206_19-58-44_4.csv,,,20211206DATA,4,,2,
packetStat20211206_19-59-33_4.csv,,,20211206DATA,4,,2,
packetStat20211206_19-59-56_4.csv,,,20211206DATA,4,,2,
packetStat20211206_20-18-27_3.csv,,,20211206DATA,3,,1,
packetStat20211206_20-20-11_3.csv,,,20211206DATA,3,,1,
packetStat20211206_20-22-52_3.csv,,,20211206DATA,3,,1,
packetStat20211206_20-23-24_5.csv,,,20211206DATA,5,,3,
packetStat20211206_20-44-37_3.csv,,,20211206DATA,3,,1,
packetStat20211206_20-46-56_3.csv,,,20211206DATA,3,,1,
packetStat20211206_20-52-56_4.csv,,,20211206DATA,4,,2,
packetStat20211206_20-54-50_3.csv,,,20211206DATA,3,,1,
packetStat20211206_20-55-12_3.csv,,,20211206DATA,3,,1,
packetStat20211206_20-55-58_3.csv,,,20211206DATA,3,,1,
packetStat20211206_20-56-19_3.csv,,,20211206DATA,3,,1,
packetStat20211206_20-56-40_3.csv,,,20211206DATA,3,,1,
packetStat20211206_20-57-10_4.csv,,,20211206DATA,4,,2,
packetStat20211206_21-25-03_3.csv,,,20211206DATA,3,,1,
packetStat20211206_21-37-22_3.csv,,,20211206DATA,3,,1,
packetStat20211206_21-48-15_3.csv,,,20211206DATA,3,,1,
packetStat20211206_21-48-35_4.csv,,,20211206DATA,4,,2,
packetStat20211206_21-48-58_4.csv,,,20211206DATA,4,,2,
packetStat20211206_21-49-21_3.csv,,,20211206DATA,3,,1,
packetStat20211206_21-49-39_3.csv,,,20211206DATA,3,,1,
packetStat20211206_21-50-04_4.csv,,,20211206DATA,4,,2,
packetStat20211206_21-50-45_3.csv,,,20211206DATA,3,,1,
packetStat20211206_21-51-06_3.csv,,,20211206DATA,3,,1,
packetStat20211206_21-51-26_3.csv,,,20211206DATA,3,,1,
packetStat20211207_02-29-28_5.csv,,,20211207DATA,5,,3,
packetStat20211207_03-47-22_5.csv,,,20211207DATA,5,,3,
packetStat20211207_09-38-31_5.csv,,,20211207DATA,5,,3,
packetStat20211207_10-38-17_5.csv,,,20211207DATA,5,,3,
packetStat20211207_11-34-38_5.csv,,,20211207DATA,5,,3,
packetStat20211207_17-23-51_5.csv,,,20211207DATA,5,,3,
packetStat20211207_17-53-58_5.csv,,,20211207DATA,5,,3,
packetStat20211207_20-25-25_5.csv,,,20211207DATA,5,,3,
packetStat20211207_22-44-49_5.csv,,,20211207DATA,5,,3,
packetStat20211207_22-57-11_5.csv,,,20211207DATA,5,,3,
packetStat20211207_23-40-33_5.csv,,,20211207DATA,5,,3,
packetStat20211208_01-15-01_5.csv,,,20211208DATA,5,,3,
packetStat20211208_01-18-01_5.csv,,,20211208DATA,5,,3,
packetStat20211208_01-28-35_5.csv,,,20211208DATA,5,,3,
packetStat20211208_04-16-27_5.csv,,,20211208DATA,5,,3,
packetStat20211208_04-57-29_5.csv,,,20211208DATA,5,,3,
packetStat20211208_06-34-33_5.csv,,,20211208DATA,5,,3,
packetStat20211208_08-39-21_5.csv,,,20211208DATA,5,,3,
packetStat20211208_10-07-12_5.csv,,,20211208DATA,5,,3,
packetStat20211208_10-10-31_5.csv,,,20211208DATA,5,,3,
packetStat20211208_11-59-18_5.csv,,,20211208DATA,5,,3,
packetStat20211208_15-58-27_5.csv,,,20211208DATA,5,,3,
packetStat20211208_16-03-11_5.csv,,,20211208DATA,5,,3,
packetStat20211208_20-01-36_5.csv,,,20211208DATA,5,,3,
packetStat20211208_20-14-48_5.csv,,,20211208DATA,5,,3,
packetStat20211208_21-47-05_5.csv,,,20211208DATA,5,,3,
packetStat20211209_11-41-15_5.csv,,,20211209DATA,5,,3,
packetStat20211209_16-34-12_5.csv,,,20211209DATA,5,,3,
packetStat20211209_19-18-43_5.csv,,,20211209DATA,5,,3,
packetStat20211209_19-27-12_5.csv,,,20211209DATA,5,,3,
packetStat20211211_01-02-37_5.csv,,,20211211DATA,5,,3,
packetStat20211211_05-44-33_5.csv,,,20211211DATA,5,,3,
packetStat20211211_15-47-20_5.csv,,,20211211DATA,5,,3,
packetStat20211211_16-33-55_5.csv,,,20211211DATA,5,,3,
packetStat20211204_11-33-09_3.csv,,,20211204DATA,3,,1,
packetStat20211204_11-34-13_3.csv,,,20211204DATA,3,,1,
packetStat20211204_11-39-28_3.csv,,,20211204DATA,3,,1,
packetStat20211204_11-41-23_3.csv,,,20211204DATA,3,,1,
packetStat20211204_12-24-41_3.csv,,,20211204DATA,3,,1,
packetStat20211204_12-29-28_3.csv,,,20211204DATA,3,,1,
packetStat20211204_20-51-02_3.csv,,,20211204DATA,3,,1,
packetStat20211204_21-34-24_3.csv,,,20211204DATA,3,,1,
packetStat20211204_21-36-51_3.csv,,,20211204DATA,3,,1,
packetStat20211204_22-03-03_3.csv,,,20211204DATA,3,,1,
packetStat20211204_22-03-27_3.csv,,,20211204DATA,3,,1,
packetStat20211204_22-04-14_3.csv,,,20211204DATA,3,,1,
packetStat20211204_22-04-36_3.csv,,,20211204DATA,3,,1,
packetStat20211204_22-12-53_3.csv,,,20211204DATA,3,,1,
packetStat20211204_22-13-13_3.csv,,,20211204DATA,3,,1,
packetStat20211204_22-19-08_3.csv,,,20211204DATA,3,,1,
packetStat20211204_22-19-33_3.csv,,,20211204DATA,3,,1,
packetStat20211204_10-58-10_4.csv,,,20211204DATA,4,,2,
packetStat20211204_10-58-45_3.csv,,,20211204DATA,3,,1,
packetStat20211204_11-04-35_4.csv,,,20211204DATA,4,,2,
packetStat20211204_11-06-15_4.csv,,,20211204DATA,4,,2,
packetStat20211204_11-21-25_4.csv,,,20211204DATA,4,,2,
packetStat20211204_11-22-07_3.csv,,,20211204DATA,3,,1,
packetStat20211204_11-23-35_4.csv,,,20211204DATA,4,,2,
packetStat20211204_11-27-25_3.csv,,,20211204DATA,3,,1,
packetStat20211204_11-28-40_4.csv,,,20211204DATA,4,,2,
packetStat20211204_12-44-27_4.csv,,,20211204DATA,4,,2,
packetStat20211204_12-50-18_4.csv,,,20211204DATA,4,,2,
packetStat20211204_13-13-19_4.csv,,,20211204DATA,4,,2,
packetStat20211204_13-14-14_4.csv,,,20211204DATA,4,,2,
packetStat20211204_13-24-47_4.csv,,,20211204DATA,4,,2,
packetStat20211204_20-31-13_4.csv,,,20211204DATA,4,,2,
packetStat20211204_20-31-30_4.csv,,,20211204DATA,4,,2,
packetStat20211204_20-44-42_4.csv,,,20211204DATA,4,,2,
packetStat20211204_22-11-30_4.csv,,,20211204DATA,4,,2,
packetStat20211204_22-11-55_4.csv,,,20211204DATA,4,,2,
packetStat20211204_22-12-17_4.csv,,,20211204DATA,4,,2,
